"row_names","FACTSET_FUND_ID","FS_PERM_SEC_ID","HOLDING","REPORT_DATE","TICKER_EXCHANGE","FREF_SECURITY_TYPE","Symbol","Company","ISSUE_TYPE","CAP_GROUP","PRIMARY_SIC_CODE","INDUSTRY_CODE","SECTOR_CODE"
"822359","04DFL1-E","B97HDW-S-US","3500","2008-06-30","DD-NYS","SHARE","DD","000HT4-E","EQ","MEGA","2821","2205","2200"
"822360","04DFL1-E","B97HDW-S-US","3500","2008-12-31","DD-NYS","SHARE","DD","000HT4-E","EQ","MEGA","2821","2205","2200"
"822361","04DFL1-E","BCHWNY-S-US","5000","2008-06-30","LLL-NYS","SHARE","LLL","001ZY8-E","EQ","LARGE","3812","1330","1300"
"822362","04DFL1-E","BV8916-S-US","4000","2008-12-31","LMT-NYS","SHARE","LMT","000P7N-E","EQ","MEGA","3721","1330","1300"
"822363","04DFL1-E","BV8916-S-US","4000","2009-06-30","LMT-NYS","SHARE","LMT","000P7N-E","EQ","MEGA","3721","1330","1300"
"822364","04DFL1-E","C7R3T7-S-US","19200","2010-07-31","QCOM-NAS","SHARE","QCOM","000V67-E","EQ","MEGA","3663","1320","1300"
"822365","04DFL1-E","C7R3T7-S-US","19200","2010-08-31","QCOM-NAS","SHARE","QCOM","000V67-E","EQ","MEGA","3663","1320","1300"
"822366","04DFL1-E","C7R3T7-S-US","19200","2010-11-29","QCOM-NAS","SHARE","QCOM","000V67-E","EQ","MEGA","3663","1320","1300"
"822367","04DFL1-E","C7R3T7-S-US","19200","2011-03-28","QCOM-NAS","SHARE","QCOM","000V67-E","EQ","MEGA","3663","1320","1300"
"822368","04DFL1-E","C7R3T7-S-US","19200","2011-04-26","QCOM-NAS","SHARE","QCOM","000V67-E","EQ","MEGA","3663","1320","1300"
"822369","04DFL1-E","C7R3T7-S-US","19200","2011-05-30","QCOM-NAS","SHARE","QCOM","000V67-E","EQ","MEGA","3663","1320","1300"
"822370","04DFL1-E","C7R3T7-S-US","19200","2011-06-27","QCOM-NAS","SHARE","QCOM","000V67-E","EQ","MEGA","3663","1320","1300"
"822371","04DFL1-E","C7R3T7-S-US","19200","2011-07-25","QCOM-NAS","SHARE","QCOM","000V67-E","EQ","MEGA","3663","1320","1300"
"822372","04DFL1-E","C7R3T7-S-US","24000","2011-08-29","QCOM-NAS","SHARE","QCOM","000V67-E","EQ","MEGA","3663","1320","1300"
"822373","04DFL1-E","CC0PJK-S-US","10880","2010-07-31","MAR-NAS","SHARE","MAR","001YRD-E","EQ","LARGE","7011","3440","3400"
"822374","04DFL1-E","CC0PJK-S-US","10880","2010-08-31","MAR-NAS","SHARE","MAR","001YRD-E","EQ","LARGE","7011","3440","3400"
"822375","04DFL1-E","CC0PJK-S-US","10880","2010-11-29","MAR-NAS","SHARE","MAR","001YRD-E","EQ","LARGE","7011","3440","3400"
"822376","04DFL1-E","CC0PJK-S-US","5600","2011-03-28","MAR-NAS","SHARE","MAR","001YRD-E","EQ","LARGE","7011","3440","3400"
"822377","04DFL1-E","CC0PJK-S-US","10400","2011-04-26","MAR-NAS","SHARE","MAR","001YRD-E","EQ","LARGE","7011","3440","3400"
"822378","04DFL1-E","CC0PJK-S-US","10400","2011-05-30","MAR-NAS","SHARE","MAR","001YRD-E","EQ","LARGE","7011","3440","3400"
"822379","04DFL1-E","CC0PJK-S-US","10400","2011-06-27","MAR-NAS","SHARE","MAR","001YRD-E","EQ","LARGE","7011","3440","3400"
"822380","04DFL1-E","CC0PJK-S-US","10400","2011-07-25","MAR-NAS","SHARE","MAR","001YRD-E","EQ","LARGE","7011","3440","3400"
"822381","04DFL1-E","CC0PJK-S-US","10400","2011-08-29","MAR-NAS","SHARE","MAR","001YRD-E","EQ","LARGE","7011","3440","3400"
"822382","04DFL1-E","CN7JPT-S-US","5000","2009-06-30","MON-NYS","SHARE","MON","003108-E","EQ","LARGE","2879","2215","2200"
"822383","04DFL1-E","CN7JPT-S-US","10200","2010-07-31","MON-NYS","SHARE","MON","003108-E","EQ","LARGE","2879","2215","2200"
"822384","04DFL1-E","CN7JPT-S-US","10200","2010-08-31","MON-NYS","SHARE","MON","003108-E","EQ","LARGE","2879","2215","2200"
"822385","04DFL1-E","CN7JPT-S-US","10200","2010-11-29","MON-NYS","SHARE","MON","003108-E","EQ","LARGE","2879","2215","2200"
"822386","04DFL1-E","CN7JPT-S-US","10200","2011-03-28","MON-NYS","SHARE","MON","003108-E","EQ","LARGE","2879","2215","2200"
"822387","04DFL1-E","CN7JPT-S-US","10200","2011-04-26","MON-NYS","SHARE","MON","003108-E","EQ","LARGE","2879","2215","2200"
"822388","04DFL1-E","CN7JPT-S-US","10200","2011-05-30","MON-NYS","SHARE","MON","003108-E","EQ","LARGE","2879","2215","2200"
"822389","04DFL1-E","CN7JPT-S-US","10200","2011-06-27","MON-NYS","SHARE","MON","003108-E","EQ","LARGE","2879","2215","2200"
"822390","04DFL1-E","CN7JPT-S-US","10200","2011-07-25","MON-NYS","SHARE","MON","003108-E","EQ","LARGE","2879","2215","2200"
"822391","04DFL1-E","CN7JPT-S-US","10200","2011-08-29","MON-NYS","SHARE","MON","003108-E","EQ","LARGE","2879","2215","2200"
"822392","04DFL1-E","DCZH6D-S-US","15000","2011-03-28","PEP-NYS","SHARE","PEP","000T99-E","EQ","MEGA","2086","2420","2400"
"822393","04DFL1-E","DCZH6D-S-US","22000","2011-04-26","PEP-NYS","SHARE","PEP","000T99-E","EQ","MEGA","2086","2420","2400"
"822394","04DFL1-E","DCZH6D-S-US","22000","2011-05-30","PEP-NYS","SHARE","PEP","000T99-E","EQ","MEGA","2086","2420","2400"
"822395","04DFL1-E","DCZH6D-S-US","22000","2011-06-27","PEP-NYS","SHARE","PEP","000T99-E","EQ","MEGA","2086","2420","2400"
"822396","04DFL1-E","DCZH6D-S-US","22000","2011-07-25","PEP-NYS","SHARE","PEP","000T99-E","EQ","MEGA","2086","2420","2400"
"822397","04DFL1-E","DCZH6D-S-US","22000","2011-08-29","PEP-NYS","SHARE","PEP","000T99-E","EQ","MEGA","2086","2420","2400"
"822398","04DFL1-E","DF3K29-S-US","20000","2008-06-30","MSFT-NAS","SHARE","MSFT","000Q07-E","EQ","MEGA","7372","3310","3300"
"822399","04DFL1-E","DF3K29-S-US","23000","2010-07-31","MSFT-NAS","SHARE","MSFT","000Q07-E","EQ","MEGA","7372","3310","3300"
"822400","04DFL1-E","DF3K29-S-US","23000","2010-08-31","MSFT-NAS","SHARE","MSFT","000Q07-E","EQ","MEGA","7372","3310","3300"
"822401","04DFL1-E","DF3K29-S-US","23000","2010-11-29","MSFT-NAS","SHARE","MSFT","000Q07-E","EQ","MEGA","7372","3310","3300"
"822402","04DFL1-E","DF3K29-S-US","23000","2011-03-28","MSFT-NAS","SHARE","MSFT","000Q07-E","EQ","MEGA","7372","3310","3300"
"822403","04DFL1-E","DF3K29-S-US","23000","2011-04-26","MSFT-NAS","SHARE","MSFT","000Q07-E","EQ","MEGA","7372","3310","3300"
"822404","04DFL1-E","DJH8TL-S-US","8000","2008-12-31","ADBE-NAS","SHARE","ADBE","000BJT-E","EQ","MEGA","7372","3310","3300"
"822405","04DFL1-E","DJH8TL-S-US","8000","2009-06-30","ADBE-NAS","SHARE","ADBE","000BJT-E","EQ","MEGA","7372","3310","3300"
"822406","04DFL1-E","DTKZ1Y-S-US","5333","2008-12-31","TWX-NYS","SHARE","TWX","002SX7-E","EQ","MEGA","7812","3405","3400"
"822407","04DFL1-E","DTKZ1Y-S-US","11000","2009-06-30","TWX-NYS","SHARE","TWX","002SX7-E","EQ","MEGA","7812","3405","3400"
"822408","04DFL1-E","DTKZ1Y-S-US","19600","2010-07-31","TWX-NYS","SHARE","TWX","002SX7-E","EQ","MEGA","7812","3405","3400"
"822409","04DFL1-E","DTKZ1Y-S-US","19600","2010-08-31","TWX-NYS","SHARE","TWX","002SX7-E","EQ","MEGA","7812","3405","3400"
"822410","04DFL1-E","DTKZ1Y-S-US","19600","2010-11-29","TWX-NYS","SHARE","TWX","002SX7-E","EQ","MEGA","7812","3405","3400"
"822411","04DFL1-E","DTKZ1Y-S-US","19600","2011-03-28","TWX-NYS","SHARE","TWX","002SX7-E","EQ","MEGA","7812","3405","3400"
"822412","04DFL1-E","DTKZ1Y-S-US","19600","2011-04-26","TWX-NYS","SHARE","TWX","002SX7-E","EQ","MEGA","7812","3405","3400"
"822413","04DFL1-E","DTKZ1Y-S-US","19600","2011-05-30","TWX-NYS","SHARE","TWX","002SX7-E","EQ","MEGA","7812","3405","3400"
"822414","04DFL1-E","DTKZ1Y-S-US","19600","2011-06-27","TWX-NYS","SHARE","TWX","002SX7-E","EQ","MEGA","7812","3405","3400"
"822415","04DFL1-E","DTKZ1Y-S-US","19600","2011-07-25","TWX-NYS","SHARE","TWX","002SX7-E","EQ","MEGA","7812","3405","3400"
"822416","04DFL1-E","DTKZ1Y-S-US","19600","2011-08-29","TWX-NYS","SHARE","TWX","002SX7-E","EQ","MEGA","7812","3405","3400"
"822417","04DFL1-E","DVTV6F-S-US","3500","2008-06-30","VMW-NYS","SHARE","VMW","05WNR8-E","EQ","MID","7372","3308","3300"
"822418","04DFL1-E","DVTV6F-S-US","3500","2008-12-31","VMW-NYS","SHARE","VMW","05WNR8-E","EQ","MID","7372","3308","3300"
"822419","04DFL1-E","DVTV6F-S-US","7000","2009-06-30","VMW-NYS","SHARE","VMW","05WNR8-E","EQ","MID","7372","3308","3300"
"822420","04DFL1-E","DWW3RQ-S-US","25000","2011-03-28","VLO-NYS","SHARE","VLO","000Y8N-E","EQ","LARGE","2911","2120","2100"
"822421","04DFL1-E","DWW3RQ-S-US","25000","2011-04-26","VLO-NYS","SHARE","VLO","000Y8N-E","EQ","LARGE","2911","2120","2100"
"822422","04DFL1-E","F4NDZ5-S-US","22000","2010-07-31","HIG-NYS","SHARE","HIG","0012PR-E","EQ","LARGE","6331","4860","4800"
"822423","04DFL1-E","F4NDZ5-S-US","22000","2010-08-31","HIG-NYS","SHARE","HIG","0012PR-E","EQ","LARGE","6331","4860","4800"
"822424","04DFL1-E","F4NDZ5-S-US","22000","2010-11-29","HIG-NYS","SHARE","HIG","0012PR-E","EQ","LARGE","6331","4860","4800"
"822425","04DFL1-E","FGX1S8-S-US","15000","2008-06-30","DELL-NAS","SHARE","DELL","000HGZ-E","EQ","LARGE","3571","1340","1300"
"822426","04DFL1-E","FGX1S8-S-US","15000","2008-12-31","DELL-NAS","SHARE","DELL","000HGZ-E","EQ","LARGE","3571","1340","1300"
"822427","04DFL1-E","FGX1S8-S-US","30000","2009-06-30","DELL-NAS","SHARE","DELL","000HGZ-E","EQ","LARGE","3571","1340","1300"
"822428","04DFL1-E","FXJMQV-S-US","22000","2009-06-30","QQQ-NAS","ETF_ETF","QQQ","06QC5T-E","ET","LARGE","6722","6010","6000"
"822429","04DFL1-E","FXJMQV-S-US","33000","2010-07-31","QQQ-NAS","ETF_ETF","QQQ","06QC5T-E","ET","LARGE","6722","6010","6000"
"822430","04DFL1-E","FXJMQV-S-US","33000","2010-08-31","QQQ-NAS","ETF_ETF","QQQ","06QC5T-E","ET","LARGE","6722","6010","6000"
"822431","04DFL1-E","FXJMQV-S-US","33000","2010-11-29","QQQ-NAS","ETF_ETF","QQQ","06QC5T-E","ET","LARGE","6722","6010","6000"
"822432","04DFL1-E","FXJMQV-S-US","33000","2011-03-28","QQQ-NAS","ETF_ETF","QQQ","06QC5T-E","ET","LARGE","6722","6010","6000"
"822433","04DFL1-E","FYNJ8L-S-US","8700","2008-06-30","AVP-NYS","SHARE","AVP","000CGK-E","EQ","MID","2844","2435","2400"
"822434","04DFL1-E","FYNJ8L-S-US","8700","2008-12-31","AVP-NYS","SHARE","AVP","000CGK-E","EQ","MID","2844","2435","2400"
"822435","04DFL1-E","H1F53H-S-US","4681","2011-03-28","DVMT-NYS","SHARE","DVMT","0GGD8K-E","EQ","LARGE","3571","1340","1300"
"822436","04DFL1-E","H1F53H-S-US","4681","2011-04-26","DVMT-NYS","SHARE","DVMT","0GGD8K-E","EQ","LARGE","3571","1340","1300"
"822437","04DFL1-E","H1F53H-S-US","4681","2011-05-30","DVMT-NYS","SHARE","DVMT","0GGD8K-E","EQ","LARGE","3571","1340","1300"
"822438","04DFL1-E","H1F53H-S-US","4681","2011-06-27","DVMT-NYS","SHARE","DVMT","0GGD8K-E","EQ","LARGE","3571","1340","1300"
"822439","04DFL1-E","H1F53H-S-US","4681","2011-07-25","DVMT-NYS","SHARE","DVMT","0GGD8K-E","EQ","LARGE","3571","1340","1300"
"822440","04DFL1-E","H1F53H-S-US","4681","2011-08-29","DVMT-NYS","SHARE","DVMT","0GGD8K-E","EQ","LARGE","3571","1340","1300"
"822441","04DFL1-E","H3ZZPR-S-US","27000","2008-06-30","SBUX-NAS","SHARE","SBUX","000WW4-E","EQ","MEGA","5812","3435","3400"
"822442","04DFL1-E","H6GV8W-S-US","732","2008-06-30","ICE-NYS","SHARE","ICE","0D819X-E","EQ","LARGE","6231","4840","4800"
"822443","04DFL1-E","H6GV8W-S-US","732","2008-12-31","ICE-NYS","SHARE","ICE","0D819X-E","EQ","LARGE","6231","4840","4800"
"822444","04DFL1-E","HG5HFV-S-US","4600","2010-11-29","GS-NYS","SHARE","GS","002615-E","EQ","MEGA","6211","4840","4800"
"822445","04DFL1-E","HG5HFV-S-US","4600","2011-03-28","GS-NYS","SHARE","GS","002615-E","EQ","MEGA","6211","4840","4800"
"822446","04DFL1-E","HG5HFV-S-US","4600","2011-04-26","GS-NYS","SHARE","GS","002615-E","EQ","MEGA","6211","4840","4800"
"822447","04DFL1-E","HG5HFV-S-US","4600","2011-05-30","GS-NYS","SHARE","GS","002615-E","EQ","MEGA","6211","4840","4800"
"822448","04DFL1-E","HG5HFV-S-US","4600","2011-06-27","GS-NYS","SHARE","GS","002615-E","EQ","MEGA","6211","4840","4800"
"822449","04DFL1-E","HG5HFV-S-US","4600","2011-07-25","GS-NYS","SHARE","GS","002615-E","EQ","MEGA","6211","4840","4800"
"822450","04DFL1-E","HG5HFV-S-US","4600","2011-08-29","GS-NYS","SHARE","GS","002615-E","EQ","MEGA","6211","4840","4800"
"822451","04DFL1-E","HGC6B6-S-US","8000","2008-06-30","TSO-NYS","SHARE","TSO","000XNQ-E","EQ","MID","2911","2120","2100"
"822452","04DFL1-E","HP44R7-S-US","6400","2008-06-30","XOM-NYS","SHARE","XOM","002Q0G-E","EQ","MEGA","2911","2110","2100"
"822453","04DFL1-E","HP44R7-S-US","6400","2008-12-31","XOM-NYS","SHARE","XOM","002Q0G-E","EQ","MEGA","2911","2110","2100"
"822454","04DFL1-E","HP44R7-S-US","6400","2009-06-30","XOM-NYS","SHARE","XOM","002Q0G-E","EQ","MEGA","2911","2110","2100"
"822455","04DFL1-E","HY0FNH-S-US","10500","2008-06-30","TAP-NYS","SHARE","TAP","006W68-E","EQ","LARGE","2082","2425","2400"
"822456","04DFL1-E","HY0FNH-S-US","10500","2009-06-30","TAP-NYS","SHARE","TAP","006W68-E","EQ","LARGE","2082","2425","2400"
"822457","04DFL1-E","JDQZCY-S-US","37200","2010-07-31","PFE-NYS","SHARE","PFE","000TBT-E","EQ","MEGA","2834","2305","2300"
"822458","04DFL1-E","JDQZCY-S-US","37200","2010-08-31","PFE-NYS","SHARE","PFE","000TBT-E","EQ","MEGA","2834","2305","2300"
"822459","04DFL1-E","JDQZCY-S-US","37200","2010-11-29","PFE-NYS","SHARE","PFE","000TBT-E","EQ","MEGA","2834","2305","2300"
"822460","04DFL1-E","JDQZCY-S-US","45000","2011-03-28","PFE-NYS","SHARE","PFE","000TBT-E","EQ","MEGA","2834","2305","2300"
"822461","04DFL1-E","JDQZCY-S-US","45000","2011-04-26","PFE-NYS","SHARE","PFE","000TBT-E","EQ","MEGA","2834","2305","2300"
"822462","04DFL1-E","JDQZCY-S-US","45000","2011-05-30","PFE-NYS","SHARE","PFE","000TBT-E","EQ","MEGA","2834","2305","2300"
"822463","04DFL1-E","JDQZCY-S-US","45000","2011-06-27","PFE-NYS","SHARE","PFE","000TBT-E","EQ","MEGA","2834","2305","2300"
"822464","04DFL1-E","JDQZCY-S-US","45000","2011-07-25","PFE-NYS","SHARE","PFE","000TBT-E","EQ","MEGA","2834","2305","2300"
"822465","04DFL1-E","JDQZCY-S-US","45000","2011-08-29","PFE-NYS","SHARE","PFE","000TBT-E","EQ","MEGA","2834","2305","2300"
"822466","04DFL1-E","JK7YB9-S-US","2578","2008-06-30","AGN-NYS","SHARE","AGN","091B1B-E","EQ","MEGA","2834","2315","2300"
"822467","04DFL1-E","JK7YB9-S-US","2578","2008-12-31","AGN-NYS","SHARE","AGN","091B1B-E","EQ","MEGA","2834","2315","2300"
"822468","04DFL1-E","JS65V9-S-US","8000","2010-07-31","RIG-NYS","SHARE","RIG","00BN44-E","EQ","MID","1381","3105","3100"
"822469","04DFL1-E","JS65V9-S-US","8000","2010-08-31","RIG-NYS","SHARE","RIG","00BN44-E","EQ","MID","1381","3105","3100"
"822470","04DFL1-E","JS65V9-S-US","8000","2010-11-29","RIG-NYS","SHARE","RIG","00BN44-E","EQ","MID","1381","3105","3100"
"822471","04DFL1-E","JS65V9-S-US","8000","2011-03-28","RIG-NYS","SHARE","RIG","00BN44-E","EQ","MID","1381","3105","3100"
"822472","04DFL1-E","JS65V9-S-US","8000","2011-04-26","RIG-NYS","SHARE","RIG","00BN44-E","EQ","MID","1381","3105","3100"
"822473","04DFL1-E","JS65V9-S-US","8000","2011-05-30","RIG-NYS","SHARE","RIG","00BN44-E","EQ","MID","1381","3105","3100"
"822474","04DFL1-E","JS65V9-S-US","8000","2011-06-27","RIG-NYS","SHARE","RIG","00BN44-E","EQ","MID","1381","3105","3100"
"822475","04DFL1-E","JS65V9-S-US","8000","2011-07-25","RIG-NYS","SHARE","RIG","00BN44-E","EQ","MID","1381","3105","3100"
"822476","04DFL1-E","JS65V9-S-US","8000","2011-08-29","RIG-NYS","SHARE","RIG","00BN44-E","EQ","MID","1381","3105","3100"
"822477","04DFL1-E","K14DFC-S-US","21000","2008-06-30","CSCO-NAS","SHARE","CSCO","000DS6-E","EQ","MEGA","3661","1352","1300"
"822478","04DFL1-E","K14DFC-S-US","21000","2008-12-31","CSCO-NAS","SHARE","CSCO","000DS6-E","EQ","MEGA","3661","1352","1300"
"822479","04DFL1-E","K14DFC-S-US","21000","2009-06-30","CSCO-NAS","SHARE","CSCO","000DS6-E","EQ","MEGA","3661","1352","1300"
"822480","04DFL1-E","K14DFC-S-US","26200","2010-07-31","CSCO-NAS","SHARE","CSCO","000DS6-E","EQ","MEGA","3661","1352","1300"
"822481","04DFL1-E","K14DFC-S-US","26200","2010-08-31","CSCO-NAS","SHARE","CSCO","000DS6-E","EQ","MEGA","3661","1352","1300"
"822482","04DFL1-E","K14DFC-S-US","26200","2010-11-29","CSCO-NAS","SHARE","CSCO","000DS6-E","EQ","MEGA","3661","1352","1300"
"822483","04DFL1-E","K6TLGQ-S-US","5500","2008-06-30","UTX-NYS","SHARE","UTX","000Y55-E","EQ","MEGA","3585","1255","1200"
"822484","04DFL1-E","K6TLGQ-S-US","5500","2008-12-31","UTX-NYS","SHARE","UTX","000Y55-E","EQ","MEGA","3585","1255","1200"
"822485","04DFL1-E","KNF6LD-S-US","2000","2008-06-30","DFS-NYS","SHARE","DFS","061F6G-E","EQ","LARGE","6029","4830","4800"
"822486","04DFL1-E","KNF6LD-S-US","2000","2008-12-31","DFS-NYS","SHARE","DFS","061F6G-E","EQ","LARGE","6029","4830","4800"
"822487","04DFL1-E","LBWC5M-S-US","35000","2011-03-28","VIAV-NAS","SHARE","VIAV","002KXQ-E","EQ","SMALL","3663","1315","1300"
"822488","04DFL1-E","LBWC5M-S-US","35000","2011-04-26","VIAV-NAS","SHARE","VIAV","002KXQ-E","EQ","SMALL","3663","1315","1300"
"822489","04DFL1-E","LBWC5M-S-US","35000","2011-05-30","VIAV-NAS","SHARE","VIAV","002KXQ-E","EQ","SMALL","3663","1315","1300"
"822490","04DFL1-E","LBWC5M-S-US","35000","2011-06-27","VIAV-NAS","SHARE","VIAV","002KXQ-E","EQ","SMALL","3663","1315","1300"
"822491","04DFL1-E","LBWC5M-S-US","35000","2011-07-25","VIAV-NAS","SHARE","VIAV","002KXQ-E","EQ","SMALL","3663","1315","1300"
"822492","04DFL1-E","LBWC5M-S-US","35000","2011-08-29","VIAV-NAS","SHARE","VIAV","002KXQ-E","EQ","SMALL","3663","1315","1300"
"822493","04DFL1-E","LKTW6W-S-US","18000","2011-03-28","HON-NYS","SHARE","HON","002Q2X-E","EQ","MEGA","3724","1255","1200"
"822494","04DFL1-E","LKTW6W-S-US","18000","2011-04-26","HON-NYS","SHARE","HON","002Q2X-E","EQ","MEGA","3724","1255","1200"
"822495","04DFL1-E","LKTW6W-S-US","18000","2011-05-30","HON-NYS","SHARE","HON","002Q2X-E","EQ","MEGA","3724","1255","1200"
"822496","04DFL1-E","LKTW6W-S-US","18000","2011-06-27","HON-NYS","SHARE","HON","002Q2X-E","EQ","MEGA","3724","1255","1200"
"822497","04DFL1-E","LKTW6W-S-US","18000","2011-07-25","HON-NYS","SHARE","HON","002Q2X-E","EQ","MEGA","3724","1255","1200"
"822498","04DFL1-E","LKTW6W-S-US","29000","2011-08-29","HON-NYS","SHARE","HON","002Q2X-E","EQ","MEGA","3724","1255","1200"
"822499","04DFL1-E","LX1RL8-S-US","10000","2008-06-30","CL-NYS","SHARE","CL","000DXS-E","EQ","MEGA","2844","2435","2400"
"822500","04DFL1-E","M2QXKL-S-US","13000","2011-04-26","TIF-NYS","SHARE","TIF","000XR0-E","EQ","MID","5944","3540","3500"
"822501","04DFL1-E","M2QXKL-S-US","13000","2011-05-30","TIF-NYS","SHARE","TIF","000XR0-E","EQ","MID","5944","3540","3500"
"822502","04DFL1-E","M2QXKL-S-US","13000","2011-06-27","TIF-NYS","SHARE","TIF","000XR0-E","EQ","MID","5944","3540","3500"
"822503","04DFL1-E","M2QXKL-S-US","13000","2011-07-25","TIF-NYS","SHARE","TIF","000XR0-E","EQ","MID","5944","3540","3500"
"822504","04DFL1-E","M2QXKL-S-US","13000","2011-08-29","TIF-NYS","SHARE","TIF","000XR0-E","EQ","MID","5944","3540","3500"
"822505","04DFL1-E","MBKTVK-S-US","8700","2010-07-31","CVX-NYS","SHARE","CVX","000DP6-E","EQ","MEGA","2911","2110","2100"
"822506","04DFL1-E","MBKTVK-S-US","8700","2010-08-31","CVX-NYS","SHARE","CVX","000DP6-E","EQ","MEGA","2911","2110","2100"
"822507","04DFL1-E","MBKTVK-S-US","8700","2010-11-29","CVX-NYS","SHARE","CVX","000DP6-E","EQ","MEGA","2911","2110","2100"
"822508","04DFL1-E","MBKTVK-S-US","8700","2011-03-28","CVX-NYS","SHARE","CVX","000DP6-E","EQ","MEGA","2911","2110","2100"
"822509","04DFL1-E","MBKTVK-S-US","14000","2011-04-26","CVX-NYS","SHARE","CVX","000DP6-E","EQ","MEGA","2911","2110","2100"
"822510","04DFL1-E","MBKTVK-S-US","14000","2011-05-30","CVX-NYS","SHARE","CVX","000DP6-E","EQ","MEGA","2911","2110","2100"
"822511","04DFL1-E","MBKTVK-S-US","14000","2011-06-27","CVX-NYS","SHARE","CVX","000DP6-E","EQ","MEGA","2911","2110","2100"
"822512","04DFL1-E","MBKTVK-S-US","14000","2011-07-25","CVX-NYS","SHARE","CVX","000DP6-E","EQ","MEGA","2911","2110","2100"
"822513","04DFL1-E","MBKTVK-S-US","14000","2011-08-29","CVX-NYS","SHARE","CVX","000DP6-E","EQ","MEGA","2911","2110","2100"
"822514","04DFL1-E","MCPQD9-S-US","4500","2008-06-30","IBM-NYS","SHARE","IBM","000N1N-E","EQ","MEGA","7373","3308","3300"
"822515","04DFL1-E","MCPQD9-S-US","4500","2008-12-31","IBM-NYS","SHARE","IBM","000N1N-E","EQ","MEGA","7373","3308","3300"
"822516","04DFL1-E","MCPQD9-S-US","4500","2009-06-30","IBM-NYS","SHARE","IBM","000N1N-E","EQ","MEGA","7373","3308","3300"
"822517","04DFL1-E","MCPQD9-S-US","5600","2010-07-31","IBM-NYS","SHARE","IBM","000N1N-E","EQ","MEGA","7373","3308","3300"
"822518","04DFL1-E","MCPQD9-S-US","5600","2010-08-31","IBM-NYS","SHARE","IBM","000N1N-E","EQ","MEGA","7373","3308","3300"
"822519","04DFL1-E","MCPQD9-S-US","5600","2010-11-29","IBM-NYS","SHARE","IBM","000N1N-E","EQ","MEGA","7373","3308","3300"
"822520","04DFL1-E","MCPQD9-S-US","5600","2011-03-28","IBM-NYS","SHARE","IBM","000N1N-E","EQ","MEGA","7373","3308","3300"
"822521","04DFL1-E","MCPQD9-S-US","5600","2011-04-26","IBM-NYS","SHARE","IBM","000N1N-E","EQ","MEGA","7373","3308","3300"
"822522","04DFL1-E","MCPQD9-S-US","5600","2011-05-30","IBM-NYS","SHARE","IBM","000N1N-E","EQ","MEGA","7373","3308","3300"
"822523","04DFL1-E","MCPQD9-S-US","5600","2011-06-27","IBM-NYS","SHARE","IBM","000N1N-E","EQ","MEGA","7373","3308","3300"
"822524","04DFL1-E","MCPQD9-S-US","5600","2011-07-25","IBM-NYS","SHARE","IBM","000N1N-E","EQ","MEGA","7373","3308","3300"
"822525","04DFL1-E","MCPQD9-S-US","9000","2011-08-29","IBM-NYS","SHARE","IBM","000N1N-E","EQ","MEGA","7373","3308","3300"
"822526","04DFL1-E","MMRHSQ-S-US","12000","2008-12-31","FCX-NYS","SHARE","FCX","000KS2-E","EQ","LARGE","3331","1120","1100"
"822527","04DFL1-E","MMRHSQ-S-US","12000","2009-06-30","FCX-NYS","SHARE","FCX","000KS2-E","EQ","LARGE","3331","1120","1100"
"822528","04DFL1-E","MMRHSQ-S-US","16800","2010-07-31","FCX-NYS","SHARE","FCX","000KS2-E","EQ","LARGE","3331","1120","1100"
"822529","04DFL1-E","MMRHSQ-S-US","10000","2010-08-31","FCX-NYS","SHARE","FCX","000KS2-E","EQ","LARGE","3331","1120","1100"
"822530","04DFL1-E","MMRHSQ-S-US","10000","2010-11-29","FCX-NYS","SHARE","FCX","000KS2-E","EQ","LARGE","3331","1120","1100"
"822531","04DFL1-E","MMRHSQ-S-US","6000","2011-03-28","FCX-NYS","SHARE","FCX","000KS2-E","EQ","LARGE","3331","1120","1100"
"822532","04DFL1-E","MMRHSQ-S-US","6000","2011-04-26","FCX-NYS","SHARE","FCX","000KS2-E","EQ","LARGE","3331","1120","1100"
"822533","04DFL1-E","MMRHSQ-S-US","6000","2011-05-30","FCX-NYS","SHARE","FCX","000KS2-E","EQ","LARGE","3331","1120","1100"
"822534","04DFL1-E","MMRHSQ-S-US","21000","2011-06-27","FCX-NYS","SHARE","FCX","000KS2-E","EQ","LARGE","3331","1120","1100"
"822535","04DFL1-E","MMRHSQ-S-US","21000","2011-07-25","FCX-NYS","SHARE","FCX","000KS2-E","EQ","LARGE","3331","1120","1100"
"822536","04DFL1-E","MMRHSQ-S-US","21000","2011-08-29","FCX-NYS","SHARE","FCX","000KS2-E","EQ","LARGE","3331","1120","1100"
"822537","04DFL1-E","MT931R-S-US","6500","2008-06-30","OXY-NYS","SHARE","OXY","000SSF-E","EQ","MEGA","1311","2105","2100"
"822538","04DFL1-E","MT931R-S-US","6500","2008-12-31","OXY-NYS","SHARE","OXY","000SSF-E","EQ","MEGA","1311","2105","2100"
"822539","04DFL1-E","MT931R-S-US","6500","2009-06-30","OXY-NYS","SHARE","OXY","000SSF-E","EQ","MEGA","1311","2105","2100"
"822540","04DFL1-E","MT931R-S-US","7400","2010-07-31","OXY-NYS","SHARE","OXY","000SSF-E","EQ","MEGA","1311","2105","2100"
"822541","04DFL1-E","MT931R-S-US","7400","2010-08-31","OXY-NYS","SHARE","OXY","000SSF-E","EQ","MEGA","1311","2105","2100"
"822542","04DFL1-E","MT931R-S-US","7400","2010-11-29","OXY-NYS","SHARE","OXY","000SSF-E","EQ","MEGA","1311","2105","2100"
"822543","04DFL1-E","MT931R-S-US","7400","2011-03-28","OXY-NYS","SHARE","OXY","000SSF-E","EQ","MEGA","1311","2105","2100"
"822544","04DFL1-E","MT931R-S-US","7400","2011-04-26","OXY-NYS","SHARE","OXY","000SSF-E","EQ","MEGA","1311","2105","2100"
"822545","04DFL1-E","MT931R-S-US","7400","2011-05-30","OXY-NYS","SHARE","OXY","000SSF-E","EQ","MEGA","1311","2105","2100"
"822546","04DFL1-E","MT931R-S-US","7400","2011-06-27","OXY-NYS","SHARE","OXY","000SSF-E","EQ","MEGA","1311","2105","2100"
"822547","04DFL1-E","MT931R-S-US","7400","2011-07-25","OXY-NYS","SHARE","OXY","000SSF-E","EQ","MEGA","1311","2105","2100"
"822548","04DFL1-E","MT931R-S-US","7400","2011-08-29","OXY-NYS","SHARE","OXY","000SSF-E","EQ","MEGA","1311","2105","2100"
"822549","04DFL1-E","N5N6M6-S-US","16000","2010-07-31","JPM-NYS","SHARE","JPM","0035K2-E","EQ","MEGA","6021","4850","4800"
"822550","04DFL1-E","N5N6M6-S-US","20000","2010-08-31","JPM-NYS","SHARE","JPM","0035K2-E","EQ","MEGA","6021","4850","4800"
"822551","04DFL1-E","N5N6M6-S-US","20000","2010-11-29","JPM-NYS","SHARE","JPM","0035K2-E","EQ","MEGA","6021","4850","4800"
"822552","04DFL1-E","N5N6M6-S-US","20000","2011-03-28","JPM-NYS","SHARE","JPM","0035K2-E","EQ","MEGA","6021","4850","4800"
"822553","04DFL1-E","N5N6M6-S-US","30000","2011-04-26","JPM-NYS","SHARE","JPM","0035K2-E","EQ","MEGA","6021","4850","4800"
"822554","04DFL1-E","N5N6M6-S-US","30000","2011-05-30","JPM-NYS","SHARE","JPM","0035K2-E","EQ","MEGA","6021","4850","4800"
"822555","04DFL1-E","N5N6M6-S-US","30000","2011-06-27","JPM-NYS","SHARE","JPM","0035K2-E","EQ","MEGA","6021","4850","4800"
"822556","04DFL1-E","N5N6M6-S-US","30000","2011-07-25","JPM-NYS","SHARE","JPM","0035K2-E","EQ","MEGA","6021","4850","4800"
"822557","04DFL1-E","N5N6M6-S-US","30000","2011-08-29","JPM-NYS","SHARE","JPM","0035K2-E","EQ","MEGA","6021","4850","4800"
"822558","04DFL1-E","NK1C4M-S-US","10000","2009-06-30","DHR-NYS","SHARE","DHR","000FHS-E","EQ","MEGA","3826","2325","2300"
"822559","04DFL1-E","NK1C4M-S-US","14800","2010-07-31","DHR-NYS","SHARE","DHR","000FHS-E","EQ","MEGA","3826","2325","2300"
"822560","04DFL1-E","NK1C4M-S-US","14800","2010-08-31","DHR-NYS","SHARE","DHR","000FHS-E","EQ","MEGA","3826","2325","2300"
"822561","04DFL1-E","NK1C4M-S-US","14800","2010-11-29","DHR-NYS","SHARE","DHR","000FHS-E","EQ","MEGA","3826","2325","2300"
"822562","04DFL1-E","NT47N2-S-US","60000","2009-06-30","TER-NYS","SHARE","TER","000XNK-E","EQ","MID","3825","1355","1300"
"822563","04DFL1-E","NV2X6X-S-US","6100","2008-06-30","MET-NYS","SHARE","MET","002PV7-E","EQ","LARGE","6399","4865","4800"
"822564","04DFL1-E","NV2X6X-S-US","6100","2008-12-31","MET-NYS","SHARE","MET","002PV7-E","EQ","LARGE","6399","4865","4800"
"822565","04DFL1-E","P0X865-S-US","9200","2008-06-30","ADI-NAS","SHARE","ADI","000C4B-E","EQ","LARGE","3674","1305","1300"
"822566","04DFL1-E","P321KV-S-US","17000","2008-06-30","GE-NYS","SHARE","GE","000KYG-E","EQ","MEGA","3679","1255","1200"
"822567","04DFL1-E","P321KV-S-US","17000","2008-12-31","GE-NYS","SHARE","GE","000KYG-E","EQ","MEGA","3679","1255","1200"
"822568","04DFL1-E","P321KV-S-US","40000","2009-06-30","GE-NYS","SHARE","GE","000KYG-E","EQ","MEGA","3679","1255","1200"
"822569","04DFL1-E","P321KV-S-US","45000","2010-07-31","GE-NYS","SHARE","GE","000KYG-E","EQ","MEGA","3679","1255","1200"
"822570","04DFL1-E","P321KV-S-US","57000","2010-08-31","GE-NYS","SHARE","GE","000KYG-E","EQ","MEGA","3679","1255","1200"
"822571","04DFL1-E","P321KV-S-US","57000","2010-11-29","GE-NYS","SHARE","GE","000KYG-E","EQ","MEGA","3679","1255","1200"
"822572","04DFL1-E","P321KV-S-US","67000","2011-03-28","GE-NYS","SHARE","GE","000KYG-E","EQ","MEGA","3679","1255","1200"
"822573","04DFL1-E","P321KV-S-US","87000","2011-04-26","GE-NYS","SHARE","GE","000KYG-E","EQ","MEGA","3679","1255","1200"
"822574","04DFL1-E","P321KV-S-US","100000","2011-05-30","GE-NYS","SHARE","GE","000KYG-E","EQ","MEGA","3679","1255","1200"
"822575","04DFL1-E","P321KV-S-US","100000","2011-06-27","GE-NYS","SHARE","GE","000KYG-E","EQ","MEGA","3679","1255","1200"
"822576","04DFL1-E","P321KV-S-US","100000","2011-07-25","GE-NYS","SHARE","GE","000KYG-E","EQ","MEGA","3679","1255","1200"
"822577","04DFL1-E","P321KV-S-US","115000","2011-08-29","GE-NYS","SHARE","GE","000KYG-E","EQ","MEGA","3679","1255","1200"
"822578","04DFL1-E","P8WJT7-S-US","3500","2008-06-30","BA-NYS","SHARE","BA","000CYC-E","EQ","MEGA","3721","1330","1300"
"822579","04DFL1-E","PJSZYL-S-US","18000","2008-06-30","INTC-NAS","SHARE","INTC","000N01-E","EQ","MEGA","3674","1305","1300"
"822580","04DFL1-E","PJSZYL-S-US","18000","2008-12-31","INTC-NAS","SHARE","INTC","000N01-E","EQ","MEGA","3674","1305","1300"
"822581","04DFL1-E","PJSZYL-S-US","18000","2009-06-30","INTC-NAS","SHARE","INTC","000N01-E","EQ","MEGA","3674","1305","1300"
"822582","04DFL1-E","PJSZYL-S-US","30000","2010-07-31","INTC-NAS","SHARE","INTC","000N01-E","EQ","MEGA","3674","1305","1300"
"822583","04DFL1-E","PJSZYL-S-US","30000","2010-08-31","INTC-NAS","SHARE","INTC","000N01-E","EQ","MEGA","3674","1305","1300"
"822584","04DFL1-E","PKY98Q-S-US","7400","2008-06-30","JCP-NYS","SHARE","JCP","000T7G-E","EQ","MID","5311","3515","3500"
"822585","04DFL1-E","PQJ6YX-S-US","12400","2008-06-30","T-NYS","SHARE","T","069J8N-E","EQ","MEGA","4813","4905","4900"
"822586","04DFL1-E","PQJ6YX-S-US","12400","2008-12-31","T-NYS","SHARE","T","069J8N-E","EQ","MEGA","4813","4905","4900"
"822587","04DFL1-E","PQJ6YX-S-US","12400","2009-06-30","T-NYS","SHARE","T","069J8N-E","EQ","MEGA","4813","4905","4900"
"822588","04DFL1-E","PQJ6YX-S-US","16000","2010-07-31","T-NYS","SHARE","T","069J8N-E","EQ","MEGA","4813","4905","4900"
"822589","04DFL1-E","PQJ6YX-S-US","24000","2010-08-31","T-NYS","SHARE","T","069J8N-E","EQ","MEGA","4813","4905","4900"
"822590","04DFL1-E","PQJ6YX-S-US","24000","2010-11-29","T-NYS","SHARE","T","069J8N-E","EQ","MEGA","4813","4905","4900"
"822591","04DFL1-E","PQJ6YX-S-US","32000","2011-03-28","T-NYS","SHARE","T","069J8N-E","EQ","MEGA","4813","4905","4900"
"822592","04DFL1-E","PQJ6YX-S-US","40000","2011-04-26","T-NYS","SHARE","T","069J8N-E","EQ","MEGA","4813","4905","4900"
"822593","04DFL1-E","PQJ6YX-S-US","40000","2011-05-30","T-NYS","SHARE","T","069J8N-E","EQ","MEGA","4813","4905","4900"
"822594","04DFL1-E","PQJ6YX-S-US","40000","2011-06-27","T-NYS","SHARE","T","069J8N-E","EQ","MEGA","4813","4905","4900"
"822595","04DFL1-E","PQJ6YX-S-US","40000","2011-07-25","T-NYS","SHARE","T","069J8N-E","EQ","MEGA","4813","4905","4900"
"822596","04DFL1-E","PQJ6YX-S-US","40000","2011-08-29","T-NYS","SHARE","T","069J8N-E","EQ","MEGA","4813","4905","4900"
"822597","04DFL1-E","PRHXMV-S-US","8600","2008-06-30","PM-NYS","SHARE","PM","072GKL-E","EQ","MEGA","2111","2430","2400"
"822598","04DFL1-E","PRHXMV-S-US","8600","2008-12-31","PM-NYS","SHARE","PM","072GKL-E","EQ","MEGA","2111","2430","2400"
"822599","04DFL1-E","PRHXMV-S-US","8600","2009-06-30","PM-NYS","SHARE","PM","072GKL-E","EQ","MEGA","2111","2430","2400"
"822600","04DFL1-E","Q1KJQ2-S-US","11600","2010-07-31","ABT-NYS","SHARE","ABT","000BG2-E","EQ","MEGA","2834","2325","2300"
"822601","04DFL1-E","Q1KJQ2-S-US","11600","2010-08-31","ABT-NYS","SHARE","ABT","000BG2-E","EQ","MEGA","2834","2325","2300"
"822602","04DFL1-E","Q1KJQ2-S-US","11600","2010-11-29","ABT-NYS","SHARE","ABT","000BG2-E","EQ","MEGA","2834","2325","2300"
"822603","04DFL1-E","Q1KJQ2-S-US","15600","2011-03-28","ABT-NYS","SHARE","ABT","000BG2-E","EQ","MEGA","2834","2325","2300"
"822604","04DFL1-E","Q1KJQ2-S-US","15600","2011-04-26","ABT-NYS","SHARE","ABT","000BG2-E","EQ","MEGA","2834","2325","2300"
"822605","04DFL1-E","Q3TRMZ-S-US","8000","2008-06-30","BAC-NYS","SHARE","BAC","000R3K-E","EQ","MEGA","6021","4805","4800"
"822606","04DFL1-E","Q3TRMZ-S-US","44600","2010-07-31","BAC-NYS","SHARE","BAC","000R3K-E","EQ","MEGA","6021","4805","4800"
"822607","04DFL1-E","Q3TRMZ-S-US","44600","2010-08-31","BAC-NYS","SHARE","BAC","000R3K-E","EQ","MEGA","6021","4805","4800"
"822608","04DFL1-E","Q3TRMZ-S-US","65000","2010-11-29","BAC-NYS","SHARE","BAC","000R3K-E","EQ","MEGA","6021","4805","4800"
"822609","04DFL1-E","Q3TRMZ-S-US","65000","2011-03-28","BAC-NYS","SHARE","BAC","000R3K-E","EQ","MEGA","6021","4805","4800"
"822610","04DFL1-E","Q3TRMZ-S-US","105000","2011-04-26","BAC-NYS","SHARE","BAC","000R3K-E","EQ","MEGA","6021","4805","4800"
"822611","04DFL1-E","Q3TRMZ-S-US","145000","2011-05-30","BAC-NYS","SHARE","BAC","000R3K-E","EQ","MEGA","6021","4805","4800"
"822612","04DFL1-E","Q3TRMZ-S-US","145000","2011-06-27","BAC-NYS","SHARE","BAC","000R3K-E","EQ","MEGA","6021","4805","4800"
"822613","04DFL1-E","Q3TRMZ-S-US","145000","2011-07-25","BAC-NYS","SHARE","BAC","000R3K-E","EQ","MEGA","6021","4805","4800"
"822614","04DFL1-E","Q3TRMZ-S-US","145000","2011-08-29","BAC-NYS","SHARE","BAC","000R3K-E","EQ","MEGA","6021","4805","4800"
"822615","04DFL1-E","QWNLSC-S-US","13800","2008-06-30","GLW-NYS","SHARE","GLW","000F7B-E","EQ","LARGE","3229","1310","1300"
"822616","04DFL1-E","QWNLSC-S-US","13800","2008-12-31","GLW-NYS","SHARE","GLW","000F7B-E","EQ","LARGE","3229","1310","1300"
"822617","04DFL1-E","R17PSQ-S-US","3200","2008-06-30","IBB-NAS","ETF_ETF","IBB","06F69H-E","ET","MID","6722","6010","6000"
"822618","04DFL1-E","R17PSQ-S-US","3200","2008-12-31","IBB-NAS","ETF_ETF","IBB","06F69H-E","ET","MID","6722","6010","6000"
"822619","04DFL1-E","R17PSQ-S-US","3200","2009-06-30","IBB-NAS","ETF_ETF","IBB","06F69H-E","ET","MID","6722","6010","6000"
"822620","04DFL1-E","R4SVX3-S-US","10000","2009-06-30","UNH-NYS","SHARE","UNH","000Y3J-E","EQ","MEGA","6324","3355","3350"
"822621","04DFL1-E","R4SVX3-S-US","16900","2010-07-31","UNH-NYS","SHARE","UNH","000Y3J-E","EQ","MEGA","6324","3355","3350"
"822622","04DFL1-E","R4SVX3-S-US","16900","2010-08-31","UNH-NYS","SHARE","UNH","000Y3J-E","EQ","MEGA","6324","3355","3350"
"822623","04DFL1-E","R4SVX3-S-US","16900","2010-11-29","UNH-NYS","SHARE","UNH","000Y3J-E","EQ","MEGA","6324","3355","3350"
"822624","04DFL1-E","R4SVX3-S-US","16900","2011-03-28","UNH-NYS","SHARE","UNH","000Y3J-E","EQ","MEGA","6324","3355","3350"
"822625","04DFL1-E","R4SVX3-S-US","16900","2011-04-26","UNH-NYS","SHARE","UNH","000Y3J-E","EQ","MEGA","6324","3355","3350"
"822626","04DFL1-E","R4SVX3-S-US","16900","2011-05-30","UNH-NYS","SHARE","UNH","000Y3J-E","EQ","MEGA","6324","3355","3350"
"822627","04DFL1-E","R4SVX3-S-US","16900","2011-06-27","UNH-NYS","SHARE","UNH","000Y3J-E","EQ","MEGA","6324","3355","3350"
"822628","04DFL1-E","R4SVX3-S-US","16900","2011-07-25","UNH-NYS","SHARE","UNH","000Y3J-E","EQ","MEGA","6324","3355","3350"
"822629","04DFL1-E","R4SVX3-S-US","16900","2011-08-29","UNH-NYS","SHARE","UNH","000Y3J-E","EQ","MEGA","6324","3355","3350"
"822630","04DFL1-E","R6XL7S-S-US","8000","2008-06-30","CHK-NYS","SHARE","CHK","000DP2-E","EQ","MID","1311","2105","2100"
"822631","04DFL1-E","R6XL7S-S-US","7000","2008-12-31","CHK-NYS","SHARE","CHK","000DP2-E","EQ","MID","1311","2105","2100"
"822632","04DFL1-E","R6XL7S-S-US","14000","2009-06-30","CHK-NYS","SHARE","CHK","000DP2-E","EQ","MID","1311","2105","2100"
"822633","04DFL1-E","R6XL7S-S-US","23400","2010-07-31","CHK-NYS","SHARE","CHK","000DP2-E","EQ","MID","1311","2105","2100"
"822634","04DFL1-E","R6XL7S-S-US","23400","2010-08-31","CHK-NYS","SHARE","CHK","000DP2-E","EQ","MID","1311","2105","2100"
"822635","04DFL1-E","R6XL7S-S-US","23400","2010-11-29","CHK-NYS","SHARE","CHK","000DP2-E","EQ","MID","1311","2105","2100"
"822636","04DFL1-E","R6XL7S-S-US","23400","2011-03-28","CHK-NYS","SHARE","CHK","000DP2-E","EQ","MID","1311","2105","2100"
"822637","04DFL1-E","R85KLC-S-US","28000","2011-04-26","AAPL-NAS","SHARE","AAPL","000C7F-E","EQ","MEGA","3669","1320","1300"
"822638","04DFL1-E","R85KLC-S-US","37800","2011-05-30","AAPL-NAS","SHARE","AAPL","000C7F-E","EQ","MEGA","3669","1320","1300"
"822639","04DFL1-E","R85KLC-S-US","37800","2011-06-27","AAPL-NAS","SHARE","AAPL","000C7F-E","EQ","MEGA","3669","1320","1300"
"822640","04DFL1-E","R85KLC-S-US","37800","2011-07-25","AAPL-NAS","SHARE","AAPL","000C7F-E","EQ","MEGA","3669","1320","1300"
"822641","04DFL1-E","R85KLC-S-US","37800","2011-08-29","AAPL-NAS","SHARE","AAPL","000C7F-E","EQ","MEGA","3669","1320","1300"
"822642","04DFL1-E","RWC9XJ-S-US","8000","2009-06-30","PG-NYS","SHARE","PG","000TRY-E","EQ","MEGA","2841","2435","2400"
"822643","04DFL1-E","RWC9XJ-S-US","10000","2010-07-31","PG-NYS","SHARE","PG","000TRY-E","EQ","MEGA","2841","2435","2400"
"822644","04DFL1-E","RWC9XJ-S-US","10000","2010-08-31","PG-NYS","SHARE","PG","000TRY-E","EQ","MEGA","2841","2435","2400"
"822645","04DFL1-E","RWC9XJ-S-US","10000","2010-11-29","PG-NYS","SHARE","PG","000TRY-E","EQ","MEGA","2841","2435","2400"
"822646","04DFL1-E","RWC9XJ-S-US","15000","2011-03-28","PG-NYS","SHARE","PG","000TRY-E","EQ","MEGA","2841","2435","2400"
"822647","04DFL1-E","RWC9XJ-S-US","20000","2011-04-26","PG-NYS","SHARE","PG","000TRY-E","EQ","MEGA","2841","2435","2400"
"822648","04DFL1-E","RWC9XJ-S-US","28000","2011-05-30","PG-NYS","SHARE","PG","000TRY-E","EQ","MEGA","2841","2435","2400"
"822649","04DFL1-E","RWC9XJ-S-US","28000","2011-06-27","PG-NYS","SHARE","PG","000TRY-E","EQ","MEGA","2841","2435","2400"
"822650","04DFL1-E","RWC9XJ-S-US","28000","2011-07-25","PG-NYS","SHARE","PG","000TRY-E","EQ","MEGA","2841","2435","2400"
"822651","04DFL1-E","RWC9XJ-S-US","28000","2011-08-29","PG-NYS","SHARE","PG","000TRY-E","EQ","MEGA","2841","2435","2400"
"822652","04DFL1-E","RWHXPV-S-US","4000","2008-06-30","MS-NYS","SHARE","MS","0013TZ-E","EQ","MEGA","6211","4840","4800"
"822653","04DFL1-E","S48T3X-S-US","8000","2009-06-30","CAT-NYS","SHARE","CAT","000DFY-E","EQ","MEGA","3531","1220","1200"
"822654","04DFL1-E","S48T3X-S-US","9000","2010-07-31","CAT-NYS","SHARE","CAT","000DFY-E","EQ","MEGA","3531","1220","1200"
"822655","04DFL1-E","S48T3X-S-US","9000","2010-08-31","CAT-NYS","SHARE","CAT","000DFY-E","EQ","MEGA","3531","1220","1200"
"822656","04DFL1-E","S48T3X-S-US","9000","2010-11-29","CAT-NYS","SHARE","CAT","000DFY-E","EQ","MEGA","3531","1220","1200"
"822657","04DFL1-E","S48T3X-S-US","7000","2011-03-28","CAT-NYS","SHARE","CAT","000DFY-E","EQ","MEGA","3531","1220","1200"
"822658","04DFL1-E","S48T3X-S-US","7000","2011-04-26","CAT-NYS","SHARE","CAT","000DFY-E","EQ","MEGA","3531","1220","1200"
"822659","04DFL1-E","S48T3X-S-US","15000","2011-08-29","CAT-NYS","SHARE","CAT","000DFY-E","EQ","MEGA","3531","1220","1200"
"822660","04DFL1-E","S5G28Y-S-US","8700","2008-06-30","EBAY-NAS","SHARE","EBAY","0024V8-E","EQ","LARGE","5961","3450","3400"
"822661","04DFL1-E","S5G28Y-S-US","8700","2008-12-31","EBAY-NAS","SHARE","EBAY","0024V8-E","EQ","LARGE","5961","3450","3400"
"822662","04DFL1-E","S5G28Y-S-US","17000","2009-06-30","EBAY-NAS","SHARE","EBAY","0024V8-E","EQ","LARGE","5961","3450","3400"
"822663","04DFL1-E","S5G28Y-S-US","23200","2010-07-31","EBAY-NAS","SHARE","EBAY","0024V8-E","EQ","LARGE","5961","3450","3400"
"822664","04DFL1-E","S5G28Y-S-US","23200","2010-08-31","EBAY-NAS","SHARE","EBAY","0024V8-E","EQ","LARGE","5961","3450","3400"
"822665","04DFL1-E","S5G28Y-S-US","23200","2010-11-29","EBAY-NAS","SHARE","EBAY","0024V8-E","EQ","LARGE","5961","3450","3400"
"822666","04DFL1-E","S5G28Y-S-US","23200","2011-03-28","EBAY-NAS","SHARE","EBAY","0024V8-E","EQ","LARGE","5961","3450","3400"
"822667","04DFL1-E","SZF3KC-S-US","13000","2010-07-31","SLB-NYS","SHARE","SLB","0015N4-E","EQ","MEGA","1389","3110","3100"
"822668","04DFL1-E","SZF3KC-S-US","13000","2010-08-31","SLB-NYS","SHARE","SLB","0015N4-E","EQ","MEGA","1389","3110","3100"
"822669","04DFL1-E","SZF3KC-S-US","13000","2010-11-29","SLB-NYS","SHARE","SLB","0015N4-E","EQ","MEGA","1389","3110","3100"
"822670","04DFL1-E","SZF3KC-S-US","6500","2011-03-28","SLB-NYS","SHARE","SLB","0015N4-E","EQ","MEGA","1389","3110","3100"
"822671","04DFL1-E","SZF3KC-S-US","6500","2011-04-26","SLB-NYS","SHARE","SLB","0015N4-E","EQ","MEGA","1389","3110","3100"
"822672","04DFL1-E","SZF3KC-S-US","15000","2011-05-30","SLB-NYS","SHARE","SLB","0015N4-E","EQ","MEGA","1389","3110","3100"
"822673","04DFL1-E","SZF3KC-S-US","15000","2011-06-27","SLB-NYS","SHARE","SLB","0015N4-E","EQ","MEGA","1389","3110","3100"
"822674","04DFL1-E","SZF3KC-S-US","15000","2011-07-25","SLB-NYS","SHARE","SLB","0015N4-E","EQ","MEGA","1389","3110","3100"
"822675","04DFL1-E","SZF3KC-S-US","21000","2011-08-29","SLB-NYS","SHARE","SLB","0015N4-E","EQ","MEGA","1389","3110","3100"
"822676","04DFL1-E","T0JCXJ-S-US","22400","2010-07-31","KO-NYS","SHARE","KO","000DWY-E","EQ","MEGA","2086","2420","2400"
"822677","04DFL1-E","T0JCXJ-S-US","22400","2010-08-31","KO-NYS","SHARE","KO","000DWY-E","EQ","MEGA","2086","2420","2400"
"822678","04DFL1-E","T0JCXJ-S-US","22400","2010-11-29","KO-NYS","SHARE","KO","000DWY-E","EQ","MEGA","2086","2420","2400"
"822679","04DFL1-E","T1PR8N-S-US","9700","2010-07-31","NAV-NYS","SHARE","NAV","000R4P-E","EQ","SMALL","3711","1220","1200"
"822680","04DFL1-E","T6BMPP-S-US","1200","2008-06-30","C-NYS","SHARE","C","0027L0-E","EQ","MEGA","6021","4850","4800"
"822681","04DFL1-E","T7HSNM-S-US","16000","2011-03-28","JNJ-NYS","SHARE","JNJ","000NB6-E","EQ","MEGA","2834","2305","2300"
"822682","04DFL1-E","T7HSNM-S-US","20000","2011-04-26","JNJ-NYS","SHARE","JNJ","000NB6-E","EQ","MEGA","2834","2305","2300"
"822683","04DFL1-E","T7HSNM-S-US","27000","2011-05-30","JNJ-NYS","SHARE","JNJ","000NB6-E","EQ","MEGA","2834","2305","2300"
"822684","04DFL1-E","T7HSNM-S-US","27000","2011-06-27","JNJ-NYS","SHARE","JNJ","000NB6-E","EQ","MEGA","2834","2305","2300"
"822685","04DFL1-E","T7HSNM-S-US","27000","2011-07-25","JNJ-NYS","SHARE","JNJ","000NB6-E","EQ","MEGA","2834","2305","2300"
"822686","04DFL1-E","T7HSNM-S-US","27000","2011-08-29","JNJ-NYS","SHARE","JNJ","000NB6-E","EQ","MEGA","2834","2305","2300"
"822687","04DFL1-E","T8GLHL-S-US","4200","2008-06-30","AMGN-NAS","SHARE","AMGN","000C35-E","EQ","MEGA","2836","2320","2300"
"822688","04DFL1-E","T8GLHL-S-US","4200","2008-12-31","AMGN-NAS","SHARE","AMGN","000C35-E","EQ","MEGA","2836","2320","2300"
"822689","04DFL1-E","T8GLHL-S-US","6000","2009-06-30","AMGN-NAS","SHARE","AMGN","000C35-E","EQ","MEGA","2836","2320","2300"
"822690","04DFL1-E","T8GLHL-S-US","12000","2010-07-31","AMGN-NAS","SHARE","AMGN","000C35-E","EQ","MEGA","2836","2320","2300"
"822691","04DFL1-E","T8GLHL-S-US","12000","2010-08-31","AMGN-NAS","SHARE","AMGN","000C35-E","EQ","MEGA","2836","2320","2300"
"822692","04DFL1-E","T8GLHL-S-US","12000","2010-11-29","AMGN-NAS","SHARE","AMGN","000C35-E","EQ","MEGA","2836","2320","2300"
"822693","04DFL1-E","T8GLHL-S-US","12000","2011-03-28","AMGN-NAS","SHARE","AMGN","000C35-E","EQ","MEGA","2836","2320","2300"
"822694","04DFL1-E","T8GLHL-S-US","12000","2011-04-26","AMGN-NAS","SHARE","AMGN","000C35-E","EQ","MEGA","2836","2320","2300"
"822695","04DFL1-E","T8GLHL-S-US","12000","2011-05-30","AMGN-NAS","SHARE","AMGN","000C35-E","EQ","MEGA","2836","2320","2300"
"822696","04DFL1-E","T8GLHL-S-US","12000","2011-06-27","AMGN-NAS","SHARE","AMGN","000C35-E","EQ","MEGA","2836","2320","2300"
"822697","04DFL1-E","T8GLHL-S-US","12000","2011-07-25","AMGN-NAS","SHARE","AMGN","000C35-E","EQ","MEGA","2836","2320","2300"
"822698","04DFL1-E","T8GLHL-S-US","12000","2011-08-29","AMGN-NAS","SHARE","AMGN","000C35-E","EQ","MEGA","2836","2320","2300"
"822699","04DFL1-E","T8HTVR-S-US","4000","2008-06-30","ZBH-NYS","SHARE","ZBH","0036P0-E","EQ","LARGE","3841","2325","2300"
"822700","04DFL1-E","TCWFBX-S-US","96000","2010-07-31","LSI.XX1-NAS","SHARE","LSI","000P9S-E","EQ","MID","3672","1310","1300"
"822701","04DFL1-E","TCWFBX-S-US","96000","2010-08-31","LSI.XX1-NAS","SHARE","LSI","000P9S-E","EQ","MID","3672","1310","1300"
"822702","04DFL1-E","TCWFBX-S-US","96000","2010-11-29","LSI.XX1-NAS","SHARE","LSI","000P9S-E","EQ","MID","3672","1310","1300"
"822703","04DFL1-E","TCWFBX-S-US","96000","2011-03-28","LSI.XX1-NAS","SHARE","LSI","000P9S-E","EQ","MID","3672","1310","1300"
"822704","04DFL1-E","TCWFBX-S-US","96000","2011-04-26","LSI.XX1-NAS","SHARE","LSI","000P9S-E","EQ","MID","3672","1310","1300"
"822705","04DFL1-E","TCWFBX-S-US","96000","2011-05-30","LSI.XX1-NAS","SHARE","LSI","000P9S-E","EQ","MID","3672","1310","1300"
"822706","04DFL1-E","TCWFBX-S-US","96000","2011-06-27","LSI.XX1-NAS","SHARE","LSI","000P9S-E","EQ","MID","3672","1310","1300"
"822707","04DFL1-E","TCWFBX-S-US","96000","2011-07-25","LSI.XX1-NAS","SHARE","LSI","000P9S-E","EQ","MID","3672","1310","1300"
"822708","04DFL1-E","TCWFBX-S-US","96000","2011-08-29","LSI.XX1-NAS","SHARE","LSI","000P9S-E","EQ","MID","3672","1310","1300"
"822709","04DFL1-E","TF5788-S-US","6000","2008-06-30","LM-NYS","SHARE","LM","000P26-E","EQ","MID","6282","4845","4800"
"822710","04DFL1-E","TKQVC5-S-US","6800","2008-06-30","K-NYS","SHARE","K","000NH1-E","EQ","LARGE","2043","2405","2400"
"822711","04DFL1-E","TKQVC5-S-US","6800","2008-12-31","K-NYS","SHARE","K","000NH1-E","EQ","LARGE","2043","2405","2400"
"822712","04DFL1-E","TKQVC5-S-US","6800","2009-06-30","K-NYS","SHARE","K","000NH1-E","EQ","LARGE","2043","2405","2400"
"822713","04DFL1-E","TKQVC5-S-US","11200","2010-07-31","K-NYS","SHARE","K","000NH1-E","EQ","LARGE","2043","2405","2400"
"822714","04DFL1-E","TKQVC5-S-US","15400","2010-08-31","K-NYS","SHARE","K","000NH1-E","EQ","LARGE","2043","2405","2400"
"822715","04DFL1-E","TTHQS7-S-US","7000","2008-06-30","MDT-NYS","SHARE","MDT","0DRH2W-E","EQ","MEGA","3845","2325","2300"
"822716","04DFL1-E","TTHQS7-S-US","7000","2008-12-31","MDT-NYS","SHARE","MDT","0DRH2W-E","EQ","MEGA","3845","2325","2300"
"822717","04DFL1-E","TTHQS7-S-US","20000","2011-04-26","MDT-NYS","SHARE","MDT","0DRH2W-E","EQ","MEGA","3845","2325","2300"
"822718","04DFL1-E","TTHQS7-S-US","20000","2011-05-30","MDT-NYS","SHARE","MDT","0DRH2W-E","EQ","MEGA","3845","2325","2300"
"822719","04DFL1-E","TTHQS7-S-US","20000","2011-06-27","MDT-NYS","SHARE","MDT","0DRH2W-E","EQ","MEGA","3845","2325","2300"
"822720","04DFL1-E","TTHQS7-S-US","20000","2011-07-25","MDT-NYS","SHARE","MDT","0DRH2W-E","EQ","MEGA","3845","2325","2300"
"822721","04DFL1-E","TTHQS7-S-US","20000","2011-08-29","MDT-NYS","SHARE","MDT","0DRH2W-E","EQ","MEGA","3845","2325","2300"
"822722","04DFL1-E","V601BM-S-US","12000","2010-07-31","HPQ-NYS","SHARE","HPQ","000LNN-E","EQ","LARGE","3571","1340","1300"
"822723","04DFL1-E","V601BM-S-US","12000","2010-08-31","HPQ-NYS","SHARE","HPQ","000LNN-E","EQ","LARGE","3571","1340","1300"
"822724","04DFL1-E","V601BM-S-US","18000","2010-11-29","HPQ-NYS","SHARE","HPQ","000LNN-E","EQ","LARGE","3571","1340","1300"
"822725","04DFL1-E","V601BM-S-US","23000","2011-03-28","HPQ-NYS","SHARE","HPQ","000LNN-E","EQ","LARGE","3571","1340","1300"
"822726","04DFL1-E","V601BM-S-US","23000","2011-04-26","HPQ-NYS","SHARE","HPQ","000LNN-E","EQ","LARGE","3571","1340","1300"
"822727","04DFL1-E","V601BM-S-US","23000","2011-05-30","HPQ-NYS","SHARE","HPQ","000LNN-E","EQ","LARGE","3571","1340","1300"
"822728","04DFL1-E","V601BM-S-US","23000","2011-06-27","HPQ-NYS","SHARE","HPQ","000LNN-E","EQ","LARGE","3571","1340","1300"
"822729","04DFL1-E","V601BM-S-US","23000","2011-07-25","HPQ-NYS","SHARE","HPQ","000LNN-E","EQ","LARGE","3571","1340","1300"
"822730","04DFL1-E","V601BM-S-US","23000","2011-08-29","HPQ-NYS","SHARE","HPQ","000LNN-E","EQ","LARGE","3571","1340","1300"
"822731","04DFL1-E","V9FMMN-S-US","9804","2008-06-30","MRK-NYS","SHARE","MRK","000PQC-E","EQ","MEGA","2834","2305","2300"
"822732","04DFL1-E","V9FMMN-S-US","9804","2008-12-31","MRK-NYS","SHARE","MRK","000PQC-E","EQ","MEGA","2834","2305","2300"
"822733","04DFL1-E","V9FMMN-S-US","9804","2009-06-30","MRK-NYS","SHARE","MRK","000PQC-E","EQ","MEGA","2834","2305","2300"
"822734","04DFL1-E","VH2XZ5-S-US","28000","2008-06-30","MYL-NAS","SHARE","MYL","00GDWJ-E","EQ","LARGE","2834","2315","2300"
"822735","04DFL1-E","VH2XZ5-S-US","28000","2008-12-31","MYL-NAS","SHARE","MYL","00GDWJ-E","EQ","LARGE","2834","2315","2300"
"822736","04DFL1-E","VH2XZ5-S-US","14000","2009-06-30","MYL-NAS","SHARE","MYL","00GDWJ-E","EQ","LARGE","2834","2315","2300"
"822737","04DFL1-E","W13F06-S-US","4700","2008-06-30","AMT-NYS","SHARE","AMT","0023JS-E","EQ","LARGE","6798","4890","4800"
"822738","04DFL1-E","W13F06-S-US","4700","2008-12-31","AMT-NYS","SHARE","AMT","0023JS-E","EQ","LARGE","6798","4890","4800"
"822739","04DFL1-E","W13F06-S-US","4700","2009-06-30","AMT-NYS","SHARE","AMT","0023JS-E","EQ","LARGE","6798","4890","4800"
"822740","04DFL1-E","W13F06-S-US","11700","2010-07-31","AMT-NYS","SHARE","AMT","0023JS-E","EQ","LARGE","6798","4890","4800"
"822741","04DFL1-E","W13F06-S-US","11700","2010-08-31","AMT-NYS","SHARE","AMT","0023JS-E","EQ","LARGE","6798","4890","4800"
"822742","04DFL1-E","W13F06-S-US","11700","2010-11-29","AMT-NYS","SHARE","AMT","0023JS-E","EQ","LARGE","6798","4890","4800"
"822743","04DFL1-E","W13F06-S-US","11700","2011-03-28","AMT-NYS","SHARE","AMT","0023JS-E","EQ","LARGE","6798","4890","4800"
"822744","04DFL1-E","W13F06-S-US","11700","2011-04-26","AMT-NYS","SHARE","AMT","0023JS-E","EQ","LARGE","6798","4890","4800"
"822745","04DFL1-E","WDC30F-S-US","24000","2010-07-31","UNM-NYS","SHARE","UNM","002L44-E","EQ","MID","6399","4865","4800"
"822746","04DFL1-E","WDC30F-S-US","24000","2010-08-31","UNM-NYS","SHARE","UNM","002L44-E","EQ","MID","6399","4865","4800"
"822747","04DFL1-E","WDC30F-S-US","24000","2010-11-29","UNM-NYS","SHARE","UNM","002L44-E","EQ","MID","6399","4865","4800"
"822748","04DFL1-E","WDC30F-S-US","24000","2011-03-28","UNM-NYS","SHARE","UNM","002L44-E","EQ","MID","6399","4865","4800"
"822749","04DFL1-E","WDC30F-S-US","24000","2011-04-26","UNM-NYS","SHARE","UNM","002L44-E","EQ","MID","6399","4865","4800"
"822750","04DFL1-E","WDC30F-S-US","24000","2011-05-30","UNM-NYS","SHARE","UNM","002L44-E","EQ","MID","6399","4865","4800"
"822751","04DFL1-E","WDC30F-S-US","24000","2011-06-27","UNM-NYS","SHARE","UNM","002L44-E","EQ","MID","6399","4865","4800"
"822752","04DFL1-E","WDC30F-S-US","24000","2011-07-25","UNM-NYS","SHARE","UNM","002L44-E","EQ","MID","6399","4865","4800"
"822753","04DFL1-E","WDC30F-S-US","24000","2011-08-29","UNM-NYS","SHARE","UNM","002L44-E","EQ","MID","6399","4865","4800"
"398697","04C27K-E","C37KN8-S-US","25550","2012-12-31","NOV-NYS","SHARE","NOV","05ZN64-E","EQ","LARGE","3533","3110","3100"
"398698","04C27K-E","C37KN8-S-US","25525","2014-03-31","NOV-NYS","SHARE","NOV","05ZN64-E","EQ","LARGE","3533","3110","3100"
"398699","04C27K-E","C37KN8-S-US","25499","2014-06-30","NOV-NYS","SHARE","NOV","05ZN64-E","EQ","LARGE","3533","3110","3100"
"398700","04C27K-E","C37KN8-S-US","29003","2014-09-30","NOV-NYS","SHARE","NOV","05ZN64-E","EQ","LARGE","3533","3110","3100"
"398701","04C27K-E","C37KN8-S-US","29006","2014-12-31","NOV-NYS","SHARE","NOV","05ZN64-E","EQ","LARGE","3533","3110","3100"
"398702","04C27K-E","C37KN8-S-US","29024","2015-03-31","NOV-NYS","SHARE","NOV","05ZN64-E","EQ","LARGE","3533","3110","3100"
"398703","04C27K-E","C37KN8-S-US","28987","2015-06-30","NOV-NYS","SHARE","NOV","05ZN64-E","EQ","LARGE","3533","3110","3100"
"398704","04C27K-E","C37KN8-S-US","28962","2015-09-30","NOV-NYS","SHARE","NOV","05ZN64-E","EQ","LARGE","3533","3110","3100"
"398705","04C27K-E","C37KN8-S-US","29003","2015-12-31","NOV-NYS","SHARE","NOV","05ZN64-E","EQ","LARGE","3533","3110","3100"
"398706","04C27K-E","C6H18K-S-US","17965","2012-03-31","BHI-NYS","SHARE","BHI","000CHM-E","EQ","LARGE","3533","3110","3100"
"398707","04C27K-E","C6H18K-S-US","18033","2012-06-30","BHI-NYS","SHARE","BHI","000CHM-E","EQ","LARGE","3533","3110","3100"
"398708","04C27K-E","C6H18K-S-US","27010","2012-09-30","BHI-NYS","SHARE","BHI","000CHM-E","EQ","LARGE","3533","3110","3100"
"398709","04C27K-E","C6H18K-S-US","31550","2012-12-31","BHI-NYS","SHARE","BHI","000CHM-E","EQ","LARGE","3533","3110","3100"
"398710","04C27K-E","C6M0W9-S-US","19996","2007-03-31","UPS-NYS","SHARE","UPS","000Y4G-E","EQ","MEGA","4215","4605","4600"
"398711","04C27K-E","C6M0W9-S-US","19999","2007-06-30","UPS-NYS","SHARE","UPS","000Y4G-E","EQ","MEGA","4215","4605","4600"
"398712","04C27K-E","C6M0W9-S-US","20054","2007-09-30","UPS-NYS","SHARE","UPS","000Y4G-E","EQ","MEGA","4215","4605","4600"
"398713","04C27K-E","C6M0W9-S-US","19868","2007-12-31","UPS-NYS","SHARE","UPS","000Y4G-E","EQ","MEGA","4215","4605","4600"
"398714","04C27K-E","C6M0W9-S-US","20051","2008-03-31","UPS-NYS","SHARE","UPS","000Y4G-E","EQ","MEGA","4215","4605","4600"
"398715","04C27K-E","C6M0W9-S-US","19992","2008-06-30","UPS-NYS","SHARE","UPS","000Y4G-E","EQ","MEGA","4215","4605","4600"
"398716","04C27K-E","C6M0W9-S-US","19632","2008-09-30","UPS-NYS","SHARE","UPS","000Y4G-E","EQ","MEGA","4215","4605","4600"
"398717","04C27K-E","C6M0W9-S-US","19976","2008-12-31","UPS-NYS","SHARE","UPS","000Y4G-E","EQ","MEGA","4215","4605","4600"
"398718","04C27K-E","C6M0W9-S-US","19953","2009-03-31","UPS-NYS","SHARE","UPS","000Y4G-E","EQ","MEGA","4215","4605","4600"
"398719","04C27K-E","C6M0W9-S-US","19848","2009-06-30","UPS-NYS","SHARE","UPS","000Y4G-E","EQ","MEGA","4215","4605","4600"
"398720","04C27K-E","C6M0W9-S-US","19964","2009-09-30","UPS-NYS","SHARE","UPS","000Y4G-E","EQ","MEGA","4215","4605","4600"
"398721","04C27K-E","C6M0W9-S-US","19919","2009-12-31","UPS-NYS","SHARE","UPS","000Y4G-E","EQ","MEGA","4215","4605","4600"
"398722","04C27K-E","C6M0W9-S-US","20077","2010-03-31","UPS-NYS","SHARE","UPS","000Y4G-E","EQ","MEGA","4215","4605","4600"
"398723","04C27K-E","C6M0W9-S-US","19964","2010-06-30","UPS-NYS","SHARE","UPS","000Y4G-E","EQ","MEGA","4215","4605","4600"
"398724","04C27K-E","C6M0W9-S-US","15004","2010-09-30","UPS-NYS","SHARE","UPS","000Y4G-E","EQ","MEGA","4215","4605","4600"
"398725","04C27K-E","C6M0W9-S-US","15060","2010-12-31","UPS-NYS","SHARE","UPS","000Y4G-E","EQ","MEGA","4215","4605","4600"
"398726","04C27K-E","C6M0W9-S-US","14983","2011-03-31","UPS-NYS","SHARE","UPS","000Y4G-E","EQ","MEGA","4215","4605","4600"
"398727","04C27K-E","C6M0W9-S-US","15047","2011-06-30","UPS-NYS","SHARE","UPS","000Y4G-E","EQ","MEGA","4215","4605","4600"
"398728","04C27K-E","C6M0W9-S-US","15034","2011-09-30","UPS-NYS","SHARE","UPS","000Y4G-E","EQ","MEGA","4215","4605","4600"
"398729","04C27K-E","C6M0W9-S-US","15024","2011-12-31","UPS-NYS","SHARE","UPS","000Y4G-E","EQ","MEGA","4215","4605","4600"
"398730","04C27K-E","C6M0W9-S-US","14971","2012-03-31","UPS-NYS","SHARE","UPS","000Y4G-E","EQ","MEGA","4215","4605","4600"
"398731","04C27K-E","C6M0W9-S-US","15028","2012-06-30","UPS-NYS","SHARE","UPS","000Y4G-E","EQ","MEGA","4215","4605","4600"
"398732","04C27K-E","C6M0W9-S-US","15006","2012-09-30","UPS-NYS","SHARE","UPS","000Y4G-E","EQ","MEGA","4215","4605","4600"
"398733","04C27K-E","C7R3T7-S-US","22522","2014-03-31","QCOM-NAS","SHARE","QCOM","000V67-E","EQ","MEGA","3663","1320","1300"
"398734","04C27K-E","C7R3T7-S-US","22499","2014-06-30","QCOM-NAS","SHARE","QCOM","000V67-E","EQ","MEGA","3663","1320","1300"
"398735","04C27K-E","C7R3T7-S-US","22503","2014-09-30","QCOM-NAS","SHARE","QCOM","000V67-E","EQ","MEGA","3663","1320","1300"
"398736","04C27K-E","C7R3T7-S-US","28506","2014-12-31","QCOM-NAS","SHARE","QCOM","000V67-E","EQ","MEGA","3663","1320","1300"
"398737","04C27K-E","C7R3T7-S-US","28524","2015-03-31","QCOM-NAS","SHARE","QCOM","000V67-E","EQ","MEGA","3663","1320","1300"
"398738","04C27K-E","C7R3T7-S-US","28487","2015-06-30","QCOM-NAS","SHARE","QCOM","000V67-E","EQ","MEGA","3663","1320","1300"
"398739","04C27K-E","C7R3T7-S-US","28463","2015-09-30","QCOM-NAS","SHARE","QCOM","000V67-E","EQ","MEGA","3663","1320","1300"
"398740","04C27K-E","C7R3T7-S-US","28503","2015-12-31","QCOM-NAS","SHARE","QCOM","000V67-E","EQ","MEGA","3663","1320","1300"
"398741","04C27K-E","C7R3T7-S-US","28539","2016-03-31","QCOM-NAS","SHARE","QCOM","000V67-E","EQ","MEGA","3663","1320","1300"
"398742","04C27K-E","C7R3T7-S-US","28509","2016-06-30","QCOM-NAS","SHARE","QCOM","000V67-E","EQ","MEGA","3663","1320","1300"
"398743","04C27K-E","DCZH6D-S-US","16062","2010-03-31","PEP-NYS","SHARE","PEP","000T99-E","EQ","MEGA","2086","2420","2400"
"398744","04C27K-E","DCZH6D-S-US","15971","2010-06-30","PEP-NYS","SHARE","PEP","000T99-E","EQ","MEGA","2086","2420","2400"
"398745","04C27K-E","DCZH6D-S-US","16005","2010-09-30","PEP-NYS","SHARE","PEP","000T99-E","EQ","MEGA","2086","2420","2400"
"398746","04C27K-E","DCZH6D-S-US","16064","2010-12-31","PEP-NYS","SHARE","PEP","000T99-E","EQ","MEGA","2086","2420","2400"
"398747","04C27K-E","DCZH6D-S-US","15982","2011-03-31","PEP-NYS","SHARE","PEP","000T99-E","EQ","MEGA","2086","2420","2400"
"398748","04C27K-E","DCZH6D-S-US","16050","2011-06-30","PEP-NYS","SHARE","PEP","000T99-E","EQ","MEGA","2086","2420","2400"
"398749","04C27K-E","DCZH6D-S-US","26058","2011-09-30","PEP-NYS","SHARE","PEP","000T99-E","EQ","MEGA","2086","2420","2400"
"398750","04C27K-E","DCZH6D-S-US","26041","2011-12-31","PEP-NYS","SHARE","PEP","000T99-E","EQ","MEGA","2086","2420","2400"
"398751","04C27K-E","DCZH6D-S-US","29942","2012-03-31","PEP-NYS","SHARE","PEP","000T99-E","EQ","MEGA","2086","2420","2400"
"398752","04C27K-E","DCZH6D-S-US","20037","2012-06-30","PEP-NYS","SHARE","PEP","000T99-E","EQ","MEGA","2086","2420","2400"
"398753","04C27K-E","DCZH6D-S-US","13005","2012-09-30","PEP-NYS","SHARE","PEP","000T99-E","EQ","MEGA","2086","2420","2400"
"398754","04C27K-E","DF3K29-S-US","80108","2006-12-31","MSFT-NAS","SHARE","MSFT","000Q07-E","EQ","MEGA","7372","3310","3300"
"398755","04C27K-E","DF3K29-S-US","79955","2007-03-31","MSFT-NAS","SHARE","MSFT","000Q07-E","EQ","MEGA","7372","3310","3300"
"398756","04C27K-E","DF3K29-S-US","80016","2007-06-30","MSFT-NAS","SHARE","MSFT","000Q07-E","EQ","MEGA","7372","3310","3300"
"398757","04C27K-E","DF3K29-S-US","80231","2007-09-30","MSFT-NAS","SHARE","MSFT","000Q07-E","EQ","MEGA","7372","3310","3300"
"398758","04C27K-E","DF3K29-S-US","55607","2007-12-31","MSFT-NAS","SHARE","MSFT","000Q07-E","EQ","MEGA","7372","3310","3300"
"398759","04C27K-E","DF3K29-S-US","56113","2008-03-31","MSFT-NAS","SHARE","MSFT","000Q07-E","EQ","MEGA","7372","3310","3300"
"398760","04C27K-E","DF3K29-S-US","55955","2008-06-30","MSFT-NAS","SHARE","MSFT","000Q07-E","EQ","MEGA","7372","3310","3300"
"398761","04C27K-E","DF3K29-S-US","54997","2008-09-30","MSFT-NAS","SHARE","MSFT","000Q07-E","EQ","MEGA","7372","3310","3300"
"398762","04C27K-E","DF3K29-S-US","55934","2008-12-31","MSFT-NAS","SHARE","MSFT","000Q07-E","EQ","MEGA","7372","3310","3300"
"398763","04C27K-E","DF3K29-S-US","55870","2009-03-31","MSFT-NAS","SHARE","MSFT","000Q07-E","EQ","MEGA","7372","3310","3300"
"398764","04C27K-E","DF3K29-S-US","55574","2009-06-30","MSFT-NAS","SHARE","MSFT","000Q07-E","EQ","MEGA","7372","3310","3300"
"398765","04C27K-E","DF3K29-S-US","55901","2009-09-30","MSFT-NAS","SHARE","MSFT","000Q07-E","EQ","MEGA","7372","3310","3300"
"398766","04C27K-E","DF3K29-S-US","44817","2009-12-31","MSFT-NAS","SHARE","MSFT","000Q07-E","EQ","MEGA","7372","3310","3300"
"398767","04C27K-E","DF3K29-S-US","45173","2010-03-31","MSFT-NAS","SHARE","MSFT","000Q07-E","EQ","MEGA","7372","3310","3300"
"398768","04C27K-E","DF3K29-S-US","44919","2010-06-30","MSFT-NAS","SHARE","MSFT","000Q07-E","EQ","MEGA","7372","3310","3300"
"398769","04C27K-E","DF3K29-S-US","54016","2010-09-30","MSFT-NAS","SHARE","MSFT","000Q07-E","EQ","MEGA","7372","3310","3300"
"398770","04C27K-E","DF3K29-S-US","54216","2010-12-31","MSFT-NAS","SHARE","MSFT","000Q07-E","EQ","MEGA","7372","3310","3300"
"398771","04C27K-E","DF3K29-S-US","53939","2011-03-31","MSFT-NAS","SHARE","MSFT","000Q07-E","EQ","MEGA","7372","3310","3300"
"398772","04C27K-E","DF3K29-S-US","62195","2011-06-30","MSFT-NAS","SHARE","MSFT","000Q07-E","EQ","MEGA","7372","3310","3300"
"398773","04C27K-E","DF3K29-S-US","62139","2011-09-30","MSFT-NAS","SHARE","MSFT","000Q07-E","EQ","MEGA","7372","3310","3300"
"398774","04C27K-E","DF3K29-S-US","75119","2011-12-31","MSFT-NAS","SHARE","MSFT","000Q07-E","EQ","MEGA","7372","3310","3300"
"398775","04C27K-E","DF3K29-S-US","74842","2012-03-31","MSFT-NAS","SHARE","MSFT","000Q07-E","EQ","MEGA","7372","3310","3300"
"398776","04C27K-E","DF3K29-S-US","75139","2012-06-30","MSFT-NAS","SHARE","MSFT","000Q07-E","EQ","MEGA","7372","3310","3300"
"398777","04C27K-E","DF3K29-S-US","75080","2012-09-30","MSFT-NAS","SHARE","MSFT","000Q07-E","EQ","MEGA","7372","3310","3300"
"398778","04C27K-E","DF3K29-S-US","95842","2012-12-31","MSFT-NAS","SHARE","MSFT","000Q07-E","EQ","MEGA","7372","3310","3300"
"398779","04C27K-E","DF3K29-S-US","73072","2014-03-31","MSFT-NAS","SHARE","MSFT","000Q07-E","EQ","MEGA","7372","3310","3300"
"398780","04C27K-E","DF3K29-S-US","72997","2014-06-30","MSFT-NAS","SHARE","MSFT","000Q07-E","EQ","MEGA","7372","3310","3300"
"398781","04C27K-E","DF3K29-S-US","67008","2014-09-30","MSFT-NAS","SHARE","MSFT","000Q07-E","EQ","MEGA","7372","3310","3300"
"398782","04C27K-E","DF3K29-S-US","67014","2014-12-31","MSFT-NAS","SHARE","MSFT","000Q07-E","EQ","MEGA","7372","3310","3300"
"398783","04C27K-E","DF3K29-S-US","67056","2015-03-31","MSFT-NAS","SHARE","MSFT","000Q07-E","EQ","MEGA","7372","3310","3300"
"398784","04C27K-E","DF3K29-S-US","66970","2015-06-30","MSFT-NAS","SHARE","MSFT","000Q07-E","EQ","MEGA","7372","3310","3300"
"398785","04C27K-E","DF3K29-S-US","66913","2015-09-30","MSFT-NAS","SHARE","MSFT","000Q07-E","EQ","MEGA","7372","3310","3300"
"398786","04C27K-E","DF3K29-S-US","57005","2015-12-31","MSFT-NAS","SHARE","MSFT","000Q07-E","EQ","MEGA","7372","3310","3300"
"398787","04C27K-E","DF3K29-S-US","57078","2016-03-31","MSFT-NAS","SHARE","MSFT","000Q07-E","EQ","MEGA","7372","3310","3300"
"398788","04C27K-E","DF3K29-S-US","57018","2016-06-30","MSFT-NAS","SHARE","MSFT","000Q07-E","EQ","MEGA","7372","3310","3300"
"398789","04C27K-E","FXJMQV-S-US","30033","2006-12-31","QQQ-NAS","ETF_ETF","QQQ","06QC5T-E","ET","LARGE","6722","6010","6000"
"398790","04C27K-E","FXJMQV-S-US","29968","2007-03-31","QQQ-NAS","ETF_ETF","QQQ","06QC5T-E","ET","LARGE","6722","6010","6000"
"398791","04C27K-E","FXJMQV-S-US","29990","2007-06-30","QQQ-NAS","ETF_ETF","QQQ","06QC5T-E","ET","LARGE","6722","6010","6000"
"398792","04C27K-E","FXJMQV-S-US","30097","2007-09-30","QQQ-NAS","ETF_ETF","QQQ","06QC5T-E","ET","LARGE","6722","6010","6000"
"398793","04C27K-E","FXJMQV-S-US","29800","2007-12-31","QQQ-NAS","ETF_ETF","QQQ","06QC5T-E","ET","LARGE","6722","6010","6000"
"398794","04C27K-E","FXJMQV-S-US","30046","2008-03-31","QQQ-NAS","ETF_ETF","QQQ","06QC5T-E","ET","LARGE","6722","6010","6000"
"398795","04C27K-E","FXJMQV-S-US","29997","2008-06-30","QQQ-NAS","ETF_ETF","QQQ","06QC5T-E","ET","LARGE","6722","6010","6000"
"398796","04C27K-E","FXJMQV-S-US","29458","2008-09-30","QQQ-NAS","ETF_ETF","QQQ","06QC5T-E","ET","LARGE","6722","6010","6000"
"398797","04C27K-E","FXJMQV-S-US","29964","2008-12-31","QQQ-NAS","ETF_ETF","QQQ","06QC5T-E","ET","LARGE","6722","6010","6000"
"398798","04C27K-E","FXJMQV-S-US","29930","2009-03-31","QQQ-NAS","ETF_ETF","QQQ","06QC5T-E","ET","LARGE","6722","6010","6000"
"398799","04C27K-E","FXJMQV-S-US","29772","2009-06-30","QQQ-NAS","ETF_ETF","QQQ","06QC5T-E","ET","LARGE","6722","6010","6000"
"398800","04C27K-E","FXJMQV-S-US","29947","2009-09-30","QQQ-NAS","ETF_ETF","QQQ","06QC5T-E","ET","LARGE","6722","6010","6000"
"398801","04C27K-E","FXJMQV-S-US","29878","2009-12-31","QQQ-NAS","ETF_ETF","QQQ","06QC5T-E","ET","LARGE","6722","6010","6000"
"398802","04C27K-E","FXJMQV-S-US","30116","2010-03-31","QQQ-NAS","ETF_ETF","QQQ","06QC5T-E","ET","LARGE","6722","6010","6000"
"398803","04C27K-E","FXJMQV-S-US","29946","2010-06-30","QQQ-NAS","ETF_ETF","QQQ","06QC5T-E","ET","LARGE","6722","6010","6000"
"398804","04C27K-E","FXJMQV-S-US","30009","2010-09-30","QQQ-NAS","ETF_ETF","QQQ","06QC5T-E","ET","LARGE","6722","6010","6000"
"398805","04C27K-E","FXJMQV-S-US","30120","2010-12-31","QQQ-NAS","ETF_ETF","QQQ","06QC5T-E","ET","LARGE","6722","6010","6000"
"398806","04C27K-E","FXJMQV-S-US","29966","2011-03-31","QQQ-NAS","ETF_ETF","QQQ","06QC5T-E","ET","LARGE","6722","6010","6000"
"398807","04C27K-E","FXJMQV-S-US","30094","2011-06-30","QQQ-NAS","ETF_ETF","QQQ","06QC5T-E","ET","LARGE","6722","6010","6000"
"398808","04C27K-E","FXJMQV-S-US","30084","2011-09-30","QQQ-NAS","ETF_ETF","QQQ","06QC5T-E","ET","LARGE","6722","6010","6000"
"398809","04C27K-E","FXJMQV-S-US","30047","2011-12-31","QQQ-NAS","ETF_ETF","QQQ","06QC5T-E","ET","LARGE","6722","6010","6000"
"398810","04C27K-E","FXJMQV-S-US","29942","2012-03-31","QQQ-NAS","ETF_ETF","QQQ","06QC5T-E","ET","LARGE","6722","6010","6000"
"398811","04C27K-E","FXJMQV-S-US","30056","2012-06-30","QQQ-NAS","ETF_ETF","QQQ","06QC5T-E","ET","LARGE","6722","6010","6000"
"398812","04C27K-E","FXJMQV-S-US","30016","2012-09-30","QQQ-NAS","ETF_ETF","QQQ","06QC5T-E","ET","LARGE","6722","6010","6000"
"398813","04C27K-E","FXJMQV-S-US","32673","2012-12-31","QQQ-NAS","ETF_ETF","QQQ","06QC5T-E","ET","LARGE","6722","6010","6000"
"398814","04C27K-E","G5FWH0-S-US","22049","2011-09-30","DE-NYS","SHARE","DE","000FMM-E","EQ","LARGE","3523","1220","1200"
"398815","04C27K-E","G5FWH0-S-US","22035","2011-12-31","DE-NYS","SHARE","DE","000FMM-E","EQ","LARGE","3523","1220","1200"
"398816","04C27K-E","G5FWH0-S-US","21957","2012-03-31","DE-NYS","SHARE","DE","000FMM-E","EQ","LARGE","3523","1220","1200"
"398817","04C27K-E","G5FWH0-S-US","22041","2012-06-30","DE-NYS","SHARE","DE","000FMM-E","EQ","LARGE","3523","1220","1200"
"398818","04C27K-E","G5FWH0-S-US","23015","2012-09-30","DE-NYS","SHARE","DE","000FMM-E","EQ","LARGE","3523","1220","1200"
"398819","04C27K-E","G5FWH0-S-US","13302","2012-12-31","DE-NYS","SHARE","DE","000FMM-E","EQ","LARGE","3523","1220","1200"
"398820","04C27K-E","G5FWH0-S-US","23523","2014-03-31","DE-NYS","SHARE","DE","000FMM-E","EQ","LARGE","3523","1220","1200"
"398821","04C27K-E","G5FWH0-S-US","18999","2014-06-30","DE-NYS","SHARE","DE","000FMM-E","EQ","LARGE","3523","1220","1200"
"398822","04C27K-E","G5FWH0-S-US","25003","2014-09-30","DE-NYS","SHARE","DE","000FMM-E","EQ","LARGE","3523","1220","1200"
"398823","04C27K-E","G5FWH0-S-US","21004","2014-12-31","DE-NYS","SHARE","DE","000FMM-E","EQ","LARGE","3523","1220","1200"
"398824","04C27K-E","G5FWH0-S-US","16013","2015-03-31","DE-NYS","SHARE","DE","000FMM-E","EQ","LARGE","3523","1220","1200"
"398825","04C27K-E","G5FWH0-S-US","15993","2015-06-30","DE-NYS","SHARE","DE","000FMM-E","EQ","LARGE","3523","1220","1200"
"398826","04C27K-E","G5FWH0-S-US","22371","2015-09-30","DE-NYS","SHARE","DE","000FMM-E","EQ","LARGE","3523","1220","1200"
"398827","04C27K-E","G5FWH0-S-US","27002","2015-12-31","DE-NYS","SHARE","DE","000FMM-E","EQ","LARGE","3523","1220","1200"
"398828","04C27K-E","G5FWH0-S-US","27037","2016-03-31","DE-NYS","SHARE","DE","000FMM-E","EQ","LARGE","3523","1220","1200"
"398829","04C27K-E","G5FWH0-S-US","27009","2016-06-30","DE-NYS","SHARE","DE","000FMM-E","EQ","LARGE","3523","1220","1200"
"398830","04C27K-E","H1F53H-S-US","4797","2014-03-31","DVMT-NYS","SHARE","DVMT","0GGD8K-E","EQ","LARGE","3571","1340","1300"
"398831","04C27K-E","H1F53H-S-US","7022","2014-06-30","DVMT-NYS","SHARE","DVMT","0GGD8K-E","EQ","LARGE","3571","1340","1300"
"398832","04C27K-E","H1F53H-S-US","6131","2014-09-30","DVMT-NYS","SHARE","DVMT","0GGD8K-E","EQ","LARGE","3571","1340","1300"
"398833","04C27K-E","H1F53H-S-US","6132","2014-12-31","DVMT-NYS","SHARE","DVMT","0GGD8K-E","EQ","LARGE","3571","1340","1300"
"398834","04C27K-E","H1F53H-S-US","8813","2015-03-31","DVMT-NYS","SHARE","DVMT","0GGD8K-E","EQ","LARGE","3571","1340","1300"
"398835","04C27K-E","H1F53H-S-US","8801","2015-06-30","DVMT-NYS","SHARE","DVMT","0GGD8K-E","EQ","LARGE","3571","1340","1300"
"398836","04C27K-E","H1F53H-S-US","9462","2015-09-30","DVMT-NYS","SHARE","DVMT","0GGD8K-E","EQ","LARGE","3571","1340","1300"
"398837","04C27K-E","H1F53H-S-US","9475","2015-12-31","DVMT-NYS","SHARE","DVMT","0GGD8K-E","EQ","LARGE","3571","1340","1300"
"398838","04C27K-E","H1F53H-S-US","9487","2016-03-31","DVMT-NYS","SHARE","DVMT","0GGD8K-E","EQ","LARGE","3571","1340","1300"
"398839","04C27K-E","JS65V9-S-US","9530","2006-12-31","RIG-NYS","SHARE","RIG","00BN44-E","EQ","MID","1381","3105","3100"
"398840","04C27K-E","JS65V9-S-US","9507","2007-03-31","RIG-NYS","SHARE","RIG","00BN44-E","EQ","MID","1381","3105","3100"
"398841","04C27K-E","JS65V9-S-US","9514","2007-06-30","RIG-NYS","SHARE","RIG","00BN44-E","EQ","MID","1381","3105","3100"
"398842","04C27K-E","JS65V9-S-US","9540","2007-09-30","RIG-NYS","SHARE","RIG","00BN44-E","EQ","MID","1381","3105","3100"
"398843","04C27K-E","K14DFC-S-US","35140","2010-12-31","CSCO-NAS","SHARE","CSCO","000DS6-E","EQ","MEGA","3661","1352","1300"
"398844","04C27K-E","K14DFC-S-US","34961","2011-03-31","CSCO-NAS","SHARE","CSCO","000DS6-E","EQ","MEGA","3661","1352","1300"
"398845","04C27K-E","K14DFC-S-US","35110","2011-06-30","CSCO-NAS","SHARE","CSCO","000DS6-E","EQ","MEGA","3661","1352","1300"
"398846","04C27K-E","K14DFC-S-US","35056","2011-09-30","CSCO-NAS","SHARE","CSCO","000DS6-E","EQ","MEGA","3661","1352","1300"
"398847","04C27K-E","K14DFC-S-US","76058","2014-03-31","CSCO-NAS","SHARE","CSCO","000DS6-E","EQ","MEGA","3661","1352","1300"
"398848","04C27K-E","K14DFC-S-US","63998","2014-06-30","CSCO-NAS","SHARE","CSCO","000DS6-E","EQ","MEGA","3661","1352","1300"
"398849","04C27K-E","K14DFC-S-US","64008","2014-09-30","CSCO-NAS","SHARE","CSCO","000DS6-E","EQ","MEGA","3661","1352","1300"
"398850","04C27K-E","K14DFC-S-US","64013","2014-12-31","CSCO-NAS","SHARE","CSCO","000DS6-E","EQ","MEGA","3661","1352","1300"
"398851","04C27K-E","K14DFC-S-US","51043","2015-03-31","CSCO-NAS","SHARE","CSCO","000DS6-E","EQ","MEGA","3661","1352","1300"
"398852","04C27K-E","K14DFC-S-US","50977","2015-06-30","CSCO-NAS","SHARE","CSCO","000DS6-E","EQ","MEGA","3661","1352","1300"
"398853","04C27K-E","K14DFC-S-US","50934","2015-09-30","CSCO-NAS","SHARE","CSCO","000DS6-E","EQ","MEGA","3661","1352","1300"
"398854","04C27K-E","K14DFC-S-US","51005","2015-12-31","CSCO-NAS","SHARE","CSCO","000DS6-E","EQ","MEGA","3661","1352","1300"
"398855","04C27K-E","K14DFC-S-US","51069","2016-03-31","CSCO-NAS","SHARE","CSCO","000DS6-E","EQ","MEGA","3661","1352","1300"
"398856","04C27K-E","K14DFC-S-US","51016","2016-06-30","CSCO-NAS","SHARE","CSCO","000DS6-E","EQ","MEGA","3661","1352","1300"
"398857","04C27K-E","MT931R-S-US","13677","2012-12-31","OXY-NYS","SHARE","OXY","000SSF-E","EQ","MEGA","1311","2105","2100"
"398858","04C27K-E","MT931R-S-US","9996","2015-06-30","OXY-NYS","SHARE","OXY","000SSF-E","EQ","MEGA","1311","2105","2100"
"398859","04C27K-E","MT931R-S-US","14981","2015-09-30","OXY-NYS","SHARE","OXY","000SSF-E","EQ","MEGA","1311","2105","2100"
"398860","04C27K-E","MT931R-S-US","10001","2015-12-31","OXY-NYS","SHARE","OXY","000SSF-E","EQ","MEGA","1311","2105","2100"
"398861","04C27K-E","MT931R-S-US","10014","2016-03-31","OXY-NYS","SHARE","OXY","000SSF-E","EQ","MEGA","1311","2105","2100"
"398862","04C27K-E","PJSZYL-S-US","32095","2008-03-31","INTC-NAS","SHARE","INTC","000N01-E","EQ","MEGA","3674","1305","1300"
"398863","04C27K-E","PJSZYL-S-US","31980","2008-06-30","INTC-NAS","SHARE","INTC","000N01-E","EQ","MEGA","3674","1305","1300"
"398864","04C27K-E","PJSZYL-S-US","62846","2008-09-30","INTC-NAS","SHARE","INTC","000N01-E","EQ","MEGA","3674","1305","1300"
"398865","04C27K-E","PJSZYL-S-US","63924","2008-12-31","INTC-NAS","SHARE","INTC","000N01-E","EQ","MEGA","3674","1305","1300"
"398866","04C27K-E","PJSZYL-S-US","63851","2009-03-31","INTC-NAS","SHARE","INTC","000N01-E","EQ","MEGA","3674","1305","1300"
"398867","04C27K-E","PJSZYL-S-US","63513","2009-06-30","INTC-NAS","SHARE","INTC","000N01-E","EQ","MEGA","3674","1305","1300"
"398868","04C27K-E","PJSZYL-S-US","63886","2009-09-30","INTC-NAS","SHARE","INTC","000N01-E","EQ","MEGA","3674","1305","1300"
"398869","04C27K-E","PJSZYL-S-US","63740","2009-12-31","INTC-NAS","SHARE","INTC","000N01-E","EQ","MEGA","3674","1305","1300"
"398870","04C27K-E","PJSZYL-S-US","64247","2010-03-31","INTC-NAS","SHARE","INTC","000N01-E","EQ","MEGA","3674","1305","1300"
"398871","04C27K-E","PJSZYL-S-US","63885","2010-06-30","INTC-NAS","SHARE","INTC","000N01-E","EQ","MEGA","3674","1305","1300"
"398872","04C27K-E","PJSZYL-S-US","64019","2010-09-30","INTC-NAS","SHARE","INTC","000N01-E","EQ","MEGA","3674","1305","1300"
"398873","04C27K-E","PJSZYL-S-US","64256","2010-12-31","INTC-NAS","SHARE","INTC","000N01-E","EQ","MEGA","3674","1305","1300"
"398874","04C27K-E","PJSZYL-S-US","63928","2011-03-31","INTC-NAS","SHARE","INTC","000N01-E","EQ","MEGA","3674","1305","1300"
"398875","04C27K-E","PJSZYL-S-US","64201","2011-06-30","INTC-NAS","SHARE","INTC","000N01-E","EQ","MEGA","3674","1305","1300"
"398876","04C27K-E","PJSZYL-S-US","74148","2011-09-30","INTC-NAS","SHARE","INTC","000N01-E","EQ","MEGA","3674","1305","1300"
"398877","04C27K-E","PJSZYL-S-US","74117","2011-12-31","INTC-NAS","SHARE","INTC","000N01-E","EQ","MEGA","3674","1305","1300"
"398878","04C27K-E","PJSZYL-S-US","73843","2012-03-31","INTC-NAS","SHARE","INTC","000N01-E","EQ","MEGA","3674","1305","1300"
"398879","04C27K-E","PJSZYL-S-US","74137","2012-06-30","INTC-NAS","SHARE","INTC","000N01-E","EQ","MEGA","3674","1305","1300"
"398880","04C27K-E","PJSZYL-S-US","94140","2012-09-30","INTC-NAS","SHARE","INTC","000N01-E","EQ","MEGA","3674","1305","1300"
"398881","04C27K-E","PJSZYL-S-US","102443","2012-12-31","INTC-NAS","SHARE","INTC","000N01-E","EQ","MEGA","3674","1305","1300"
"398882","04C27K-E","PJSZYL-S-US","105087","2014-03-31","INTC-NAS","SHARE","INTC","000N01-E","EQ","MEGA","3674","1305","1300"
"398883","04C27K-E","PJSZYL-S-US","94997","2014-06-30","INTC-NAS","SHARE","INTC","000N01-E","EQ","MEGA","3674","1305","1300"
"398884","04C27K-E","PJSZYL-S-US","75009","2014-09-30","INTC-NAS","SHARE","INTC","000N01-E","EQ","MEGA","3674","1305","1300"
"398885","04C27K-E","PJSZYL-S-US","75015","2014-12-31","INTC-NAS","SHARE","INTC","000N01-E","EQ","MEGA","3674","1305","1300"
"398886","04C27K-E","PJSZYL-S-US","65055","2015-03-31","INTC-NAS","SHARE","INTC","000N01-E","EQ","MEGA","3674","1305","1300"
"398887","04C27K-E","PJSZYL-S-US","64971","2015-06-30","INTC-NAS","SHARE","INTC","000N01-E","EQ","MEGA","3674","1305","1300"
"398888","04C27K-E","PJSZYL-S-US","79896","2015-09-30","INTC-NAS","SHARE","INTC","000N01-E","EQ","MEGA","3674","1305","1300"
"398889","04C27K-E","PJSZYL-S-US","80007","2015-12-31","INTC-NAS","SHARE","INTC","000N01-E","EQ","MEGA","3674","1305","1300"
"398890","04C27K-E","PJSZYL-S-US","80109","2016-03-31","INTC-NAS","SHARE","INTC","000N01-E","EQ","MEGA","3674","1305","1300"
"398891","04C27K-E","PJSZYL-S-US","80025","2016-06-30","INTC-NAS","SHARE","INTC","000N01-E","EQ","MEGA","3674","1305","1300"
"398892","04C27K-E","PQJ6YX-S-US","31958","2015-09-30","T-NYS","SHARE","T","069J8N-E","EQ","MEGA","4813","4905","4900"
"398893","04C27K-E","PQJ6YX-S-US","32003","2015-12-31","T-NYS","SHARE","T","069J8N-E","EQ","MEGA","4813","4905","4900"
"398894","04C27K-E","PQJ6YX-S-US","32044","2016-03-31","T-NYS","SHARE","T","069J8N-E","EQ","MEGA","4813","4905","4900"
"398895","04C27K-E","PQJ6YX-S-US","32010","2016-06-30","T-NYS","SHARE","T","069J8N-E","EQ","MEGA","4813","4905","4900"
"398896","04C27K-E","R17LLM-S-US","28038","2006-12-31","MMM-NYS","SHARE","MMM","000Q29-E","EQ","MEGA","3291","1255","1200"
"398897","04C27K-E","R17LLM-S-US","39988","2007-03-31","MMM-NYS","SHARE","MMM","000Q29-E","EQ","MEGA","3291","1255","1200"
"398898","04C27K-E","R17LLM-S-US","34001","2007-06-30","MMM-NYS","SHARE","MMM","000Q29-E","EQ","MEGA","3291","1255","1200"
"398899","04C27K-E","R17LLM-S-US","34102","2007-09-30","MMM-NYS","SHARE","MMM","000Q29-E","EQ","MEGA","3291","1255","1200"
"398900","04C27K-E","R17LLM-S-US","33760","2007-12-31","MMM-NYS","SHARE","MMM","000Q29-E","EQ","MEGA","3291","1255","1200"
"398901","04C27K-E","R17LLM-S-US","34073","2008-03-31","MMM-NYS","SHARE","MMM","000Q29-E","EQ","MEGA","3291","1255","1200"
"398902","04C27K-E","R17LLM-S-US","33983","2008-06-30","MMM-NYS","SHARE","MMM","000Q29-E","EQ","MEGA","3291","1255","1200"
"398903","04C27K-E","R17LLM-S-US","33394","2008-09-30","MMM-NYS","SHARE","MMM","000Q29-E","EQ","MEGA","3291","1255","1200"
"398904","04C27K-E","R17LLM-S-US","33960","2008-12-31","MMM-NYS","SHARE","MMM","000Q29-E","EQ","MEGA","3291","1255","1200"
"398905","04C27K-E","R17LLM-S-US","33921","2009-03-31","MMM-NYS","SHARE","MMM","000Q29-E","EQ","MEGA","3291","1255","1200"
"398906","04C27K-E","R17LLM-S-US","22825","2009-06-30","MMM-NYS","SHARE","MMM","000Q29-E","EQ","MEGA","3291","1255","1200"
"398907","04C27K-E","R17LLM-S-US","17968","2009-09-30","MMM-NYS","SHARE","MMM","000Q29-E","EQ","MEGA","3291","1255","1200"
"398908","04C27K-E","R17LLM-S-US","17927","2009-12-31","MMM-NYS","SHARE","MMM","000Q29-E","EQ","MEGA","3291","1255","1200"
"398909","04C27K-E","R17LLM-S-US","18069","2010-03-31","MMM-NYS","SHARE","MMM","000Q29-E","EQ","MEGA","3291","1255","1200"
"398910","04C27K-E","R17LLM-S-US","17968","2010-06-30","MMM-NYS","SHARE","MMM","000Q29-E","EQ","MEGA","3291","1255","1200"
"398911","04C27K-E","R17LLM-S-US","18005","2010-09-30","MMM-NYS","SHARE","MMM","000Q29-E","EQ","MEGA","3291","1255","1200"
"398912","04C27K-E","R17LLM-S-US","18072","2010-12-31","MMM-NYS","SHARE","MMM","000Q29-E","EQ","MEGA","3291","1255","1200"
"398913","04C27K-E","R17LLM-S-US","17980","2011-03-31","MMM-NYS","SHARE","MMM","000Q29-E","EQ","MEGA","3291","1255","1200"
"398914","04C27K-E","R17LLM-S-US","18057","2011-06-30","MMM-NYS","SHARE","MMM","000Q29-E","EQ","MEGA","3291","1255","1200"
"398915","04C27K-E","R17LLM-S-US","18040","2011-09-30","MMM-NYS","SHARE","MMM","000Q29-E","EQ","MEGA","3291","1255","1200"
"398916","04C27K-E","R17LLM-S-US","18028","2011-12-31","MMM-NYS","SHARE","MMM","000Q29-E","EQ","MEGA","3291","1255","1200"
"398917","04C27K-E","R17LLM-S-US","17965","2012-03-31","MMM-NYS","SHARE","MMM","000Q29-E","EQ","MEGA","3291","1255","1200"
"398918","04C27K-E","R17LLM-S-US","18033","2012-06-30","MMM-NYS","SHARE","MMM","000Q29-E","EQ","MEGA","3291","1255","1200"
"398919","04C27K-E","R17LLM-S-US","18007","2012-09-30","MMM-NYS","SHARE","MMM","000Q29-E","EQ","MEGA","3291","1255","1200"
"398920","04C27K-E","R17LLM-S-US","14131","2012-12-31","MMM-NYS","SHARE","MMM","000Q29-E","EQ","MEGA","3291","1255","1200"
"398921","04C27K-E","R17LLM-S-US","12012","2014-03-31","MMM-NYS","SHARE","MMM","000Q29-E","EQ","MEGA","3291","1255","1200"
"398922","04C27K-E","R17LLM-S-US","12000","2014-06-30","MMM-NYS","SHARE","MMM","000Q29-E","EQ","MEGA","3291","1255","1200"
"398923","04C27K-E","R17LLM-S-US","12001","2014-09-30","MMM-NYS","SHARE","MMM","000Q29-E","EQ","MEGA","3291","1255","1200"
"398924","04C27K-E","R17LLM-S-US","10002","2014-12-31","MMM-NYS","SHARE","MMM","000Q29-E","EQ","MEGA","3291","1255","1200"
"398925","04C27K-E","R17LLM-S-US","10008","2015-03-31","MMM-NYS","SHARE","MMM","000Q29-E","EQ","MEGA","3291","1255","1200"
"398926","04C27K-E","R17LLM-S-US","9996","2015-06-30","MMM-NYS","SHARE","MMM","000Q29-E","EQ","MEGA","3291","1255","1200"
"398927","04C27K-E","R17LLM-S-US","9987","2015-09-30","MMM-NYS","SHARE","MMM","000Q29-E","EQ","MEGA","3291","1255","1200"
"398928","04C27K-E","R17LLM-S-US","10001","2015-12-31","MMM-NYS","SHARE","MMM","000Q29-E","EQ","MEGA","3291","1255","1200"
"398929","04C27K-E","R17LLM-S-US","10014","2016-03-31","MMM-NYS","SHARE","MMM","000Q29-E","EQ","MEGA","3291","1255","1200"
"398930","04C27K-E","R17LLM-S-US","10003","2016-06-30","MMM-NYS","SHARE","MMM","000Q29-E","EQ","MEGA","3291","1255","1200"
"398931","04C27K-E","R85KLC-S-US","14070","2012-12-31","AAPL-NAS","SHARE","AAPL","000C7F-E","EQ","MEGA","3669","1320","1300"
"398932","04C27K-E","R85KLC-S-US","28728","2014-03-31","AAPL-NAS","SHARE","AAPL","000C7F-E","EQ","MEGA","3669","1320","1300"
"398933","04C27K-E","R85KLC-S-US","28699","2014-06-30","AAPL-NAS","SHARE","AAPL","000C7F-E","EQ","MEGA","3669","1320","1300"
"398934","04C27K-E","R85KLC-S-US","28703","2014-09-30","AAPL-NAS","SHARE","AAPL","000C7F-E","EQ","MEGA","3669","1320","1300"
"398935","04C27K-E","R85KLC-S-US","26205","2014-12-31","AAPL-NAS","SHARE","AAPL","000C7F-E","EQ","MEGA","3669","1320","1300"
"398936","04C27K-E","R85KLC-S-US","24020","2015-03-31","AAPL-NAS","SHARE","AAPL","000C7F-E","EQ","MEGA","3669","1320","1300"
"398937","04C27K-E","R85KLC-S-US","23989","2015-06-30","AAPL-NAS","SHARE","AAPL","000C7F-E","EQ","MEGA","3669","1320","1300"
"398938","04C27K-E","R85KLC-S-US","23969","2015-09-30","AAPL-NAS","SHARE","AAPL","000C7F-E","EQ","MEGA","3669","1320","1300"
"398939","04C27K-E","R85KLC-S-US","24002","2015-12-31","AAPL-NAS","SHARE","AAPL","000C7F-E","EQ","MEGA","3669","1320","1300"
"398940","04C27K-E","R85KLC-S-US","30041","2016-03-31","AAPL-NAS","SHARE","AAPL","000C7F-E","EQ","MEGA","3669","1320","1300"
"398941","04C27K-E","R85KLC-S-US","30009","2016-06-30","AAPL-NAS","SHARE","AAPL","000C7F-E","EQ","MEGA","3669","1320","1300"
"398942","04C27K-E","RCF8NW-S-US","14011","2006-12-31","ROK-NYS","SHARE","ROK","000VJS-E","EQ","LARGE","3625","1210","1200"
"398943","04C27K-E","RCF8NW-S-US","13985","2007-03-31","ROK-NYS","SHARE","ROK","000VJS-E","EQ","LARGE","3625","1210","1200"
"398944","04C27K-E","RWC9XJ-S-US","14026","2012-06-30","PG-NYS","SHARE","PG","000TRY-E","EQ","MEGA","2841","2435","2400"
"398945","04C27K-E","S48T3X-S-US","17968","2012-12-31","CAT-NYS","SHARE","CAT","000DFY-E","EQ","MEGA","3531","1220","1200"
"398946","04C27K-E","S48T3X-S-US","20020","2014-03-31","CAT-NYS","SHARE","CAT","000DFY-E","EQ","MEGA","3531","1220","1200"
"398947","04C27K-E","S48T3X-S-US","15999","2014-06-30","CAT-NYS","SHARE","CAT","000DFY-E","EQ","MEGA","3531","1220","1200"
"398948","04C27K-E","S48T3X-S-US","14002","2014-09-30","CAT-NYS","SHARE","CAT","000DFY-E","EQ","MEGA","3531","1220","1200"
"398949","04C27K-E","S48T3X-S-US","14003","2014-12-31","CAT-NYS","SHARE","CAT","000DFY-E","EQ","MEGA","3531","1220","1200"
"398950","04C27K-E","S48T3X-S-US","24020","2015-03-31","CAT-NYS","SHARE","CAT","000DFY-E","EQ","MEGA","3531","1220","1200"
"398951","04C27K-E","S48T3X-S-US","23989","2015-06-30","CAT-NYS","SHARE","CAT","000DFY-E","EQ","MEGA","3531","1220","1200"
"398952","04C27K-E","S48T3X-S-US","23969","2015-09-30","CAT-NYS","SHARE","CAT","000DFY-E","EQ","MEGA","3531","1220","1200"
"398953","04C27K-E","S48T3X-S-US","24002","2015-12-31","CAT-NYS","SHARE","CAT","000DFY-E","EQ","MEGA","3531","1220","1200"
"398954","04C27K-E","S48T3X-S-US","24033","2016-03-31","CAT-NYS","SHARE","CAT","000DFY-E","EQ","MEGA","3531","1220","1200"
"398955","04C27K-E","S48T3X-S-US","24008","2016-06-30","CAT-NYS","SHARE","CAT","000DFY-E","EQ","MEGA","3531","1220","1200"
"398956","04C27K-E","S5G28Y-S-US","26004","2014-06-30","EBAY-NAS","SHARE","EBAY","0024V8-E","EQ","LARGE","5961","3450","3400"
"398957","04C27K-E","S5G28Y-S-US","26043","2014-09-30","EBAY-NAS","SHARE","EBAY","0024V8-E","EQ","LARGE","5961","3450","3400"
"398958","04C27K-E","STV928-S-US","45009","2014-12-31","CBI-NYS","SHARE","CBI","001FWR-E","EQ","MID","8711","3115","3100"
"398959","04C27K-E","STV928-S-US","45038","2015-03-31","CBI-NYS","SHARE","CBI","001FWR-E","EQ","MID","8711","3115","3100"
"398960","04C27K-E","STV928-S-US","41481","2015-06-30","CBI-NYS","SHARE","CBI","001FWR-E","EQ","MID","8711","3115","3100"
"398961","04C27K-E","STV928-S-US","59423","2015-09-30","CBI-NYS","SHARE","CBI","001FWR-E","EQ","MID","8711","3115","3100"
"398962","04C27K-E","STV928-S-US","59505","2015-12-31","CBI-NYS","SHARE","CBI","001FWR-E","EQ","MID","8711","3115","3100"
"398963","04C27K-E","STV928-S-US","59581","2016-03-31","CBI-NYS","SHARE","CBI","001FWR-E","EQ","MID","8711","3115","3100"
"398964","04C27K-E","STV928-S-US","59519","2016-06-30","CBI-NYS","SHARE","CBI","001FWR-E","EQ","MID","8711","3115","3100"
"398965","04C27K-E","SZF3KC-S-US","11020","2012-06-30","SLB-NYS","SHARE","SLB","0015N4-E","EQ","MEGA","1389","3110","3100"
"398966","04C27K-E","SZF3KC-S-US","11004","2012-09-30","SLB-NYS","SHARE","SLB","0015N4-E","EQ","MEGA","1389","3110","3100"
"398967","04C27K-E","SZF3KC-S-US","17783","2012-12-31","SLB-NYS","SHARE","SLB","0015N4-E","EQ","MEGA","1389","3110","3100"
"398968","04C27K-E","SZF3KC-S-US","15515","2014-03-31","SLB-NYS","SHARE","SLB","0015N4-E","EQ","MEGA","1389","3110","3100"
"398969","04C27K-E","SZF3KC-S-US","15499","2014-06-30","SLB-NYS","SHARE","SLB","0015N4-E","EQ","MEGA","1389","3110","3100"
"398970","04C27K-E","SZF3KC-S-US","15502","2014-09-30","SLB-NYS","SHARE","SLB","0015N4-E","EQ","MEGA","1389","3110","3100"
"398971","04C27K-E","SZF3KC-S-US","15503","2014-12-31","SLB-NYS","SHARE","SLB","0015N4-E","EQ","MEGA","1389","3110","3100"
"398972","04C27K-E","SZF3KC-S-US","15513","2015-03-31","SLB-NYS","SHARE","SLB","0015N4-E","EQ","MEGA","1389","3110","3100"
"398973","04C27K-E","SZF3KC-S-US","15493","2015-06-30","SLB-NYS","SHARE","SLB","0015N4-E","EQ","MEGA","1389","3110","3100"
"398974","04C27K-E","SZF3KC-S-US","15480","2015-09-30","SLB-NYS","SHARE","SLB","0015N4-E","EQ","MEGA","1389","3110","3100"
"398975","04C27K-E","SZF3KC-S-US","15501","2015-12-31","SLB-NYS","SHARE","SLB","0015N4-E","EQ","MEGA","1389","3110","3100"
"398976","04C27K-E","SZF3KC-S-US","28038","2016-03-31","SLB-NYS","SHARE","SLB","0015N4-E","EQ","MEGA","1389","3110","3100"
"398977","04C27K-E","SZF3KC-S-US","28009","2016-06-30","SLB-NYS","SHARE","SLB","0015N4-E","EQ","MEGA","1389","3110","3100"
"398978","04C27K-E","T0JCXJ-S-US","70072","2006-12-31","KO-NYS","SHARE","KO","000DWY-E","EQ","MEGA","2086","2420","2400"
"398979","04C27K-E","T0JCXJ-S-US","69996","2007-03-31","KO-NYS","SHARE","KO","000DWY-E","EQ","MEGA","2086","2420","2400"
"398980","04C27K-E","T0JCXJ-S-US","70018","2007-06-30","KO-NYS","SHARE","KO","000DWY-E","EQ","MEGA","2086","2420","2400"
"398981","04C27K-E","T0JCXJ-S-US","70230","2007-09-30","KO-NYS","SHARE","KO","000DWY-E","EQ","MEGA","2086","2420","2400"
"398982","04C27K-E","T0JCXJ-S-US","69518","2007-12-31","KO-NYS","SHARE","KO","000DWY-E","EQ","MEGA","2086","2420","2400"
"398983","04C27K-E","T0JCXJ-S-US","70130","2008-03-31","KO-NYS","SHARE","KO","000DWY-E","EQ","MEGA","2086","2420","2400"
"398984","04C27K-E","T0JCXJ-S-US","59954","2008-06-30","KO-NYS","SHARE","KO","000DWY-E","EQ","MEGA","2086","2420","2400"
"398985","04C27K-E","T0JCXJ-S-US","58916","2008-09-30","KO-NYS","SHARE","KO","000DWY-E","EQ","MEGA","2086","2420","2400"
"398986","04C27K-E","T0JCXJ-S-US","59928","2008-12-31","KO-NYS","SHARE","KO","000DWY-E","EQ","MEGA","2086","2420","2400"
"398987","04C27K-E","T0JCXJ-S-US","53874","2009-03-31","KO-NYS","SHARE","KO","000DWY-E","EQ","MEGA","2086","2420","2400"
"398988","04C27K-E","T0JCXJ-S-US","53590","2009-06-30","KO-NYS","SHARE","KO","000DWY-E","EQ","MEGA","2086","2420","2400"
"398989","04C27K-E","T0JCXJ-S-US","53904","2009-09-30","KO-NYS","SHARE","KO","000DWY-E","EQ","MEGA","2086","2420","2400"
"398990","04C27K-E","T0JCXJ-S-US","53780","2009-12-31","KO-NYS","SHARE","KO","000DWY-E","EQ","MEGA","2086","2420","2400"
"398991","04C27K-E","T0JCXJ-S-US","54208","2010-03-31","KO-NYS","SHARE","KO","000DWY-E","EQ","MEGA","2086","2420","2400"
"398992","04C27K-E","T0JCXJ-S-US","53904","2010-06-30","KO-NYS","SHARE","KO","000DWY-E","EQ","MEGA","2086","2420","2400"
"398993","04C27K-E","T0JCXJ-S-US","54016","2010-09-30","KO-NYS","SHARE","KO","000DWY-E","EQ","MEGA","2086","2420","2400"
"398994","04C27K-E","T0JCXJ-S-US","54216","2010-12-31","KO-NYS","SHARE","KO","000DWY-E","EQ","MEGA","2086","2420","2400"
"398995","04C27K-E","T0JCXJ-S-US","53940","2011-03-31","KO-NYS","SHARE","KO","000DWY-E","EQ","MEGA","2086","2420","2400"
"398996","04C27K-E","T0JCXJ-S-US","48152","2011-06-30","KO-NYS","SHARE","KO","000DWY-E","EQ","MEGA","2086","2420","2400"
"398997","04C27K-E","T0JCXJ-S-US","40090","2011-09-30","KO-NYS","SHARE","KO","000DWY-E","EQ","MEGA","2086","2420","2400"
"398998","04C27K-E","T0JCXJ-S-US","40064","2011-12-31","KO-NYS","SHARE","KO","000DWY-E","EQ","MEGA","2086","2420","2400"
"398999","04C27K-E","T0JCXJ-S-US","39922","2012-03-31","KO-NYS","SHARE","KO","000DWY-E","EQ","MEGA","2086","2420","2400"
"399000","04C27K-E","T0JCXJ-S-US","28052","2012-06-30","KO-NYS","SHARE","KO","000DWY-E","EQ","MEGA","2086","2420","2400"
"399001","04C27K-E","T0JCXJ-S-US","28011","2012-09-30","KO-NYS","SHARE","KO","000DWY-E","EQ","MEGA","2086","2420","2400"
"399002","04C27K-E","T0JCXJ-S-US","32126","2012-12-31","KO-NYS","SHARE","KO","000DWY-E","EQ","MEGA","2086","2420","2400"
"399003","04C27K-E","T0JCXJ-S-US","46045","2014-03-31","KO-NYS","SHARE","KO","000DWY-E","EQ","MEGA","2086","2420","2400"
"399004","04C27K-E","T0JCXJ-S-US","45998","2014-06-30","KO-NYS","SHARE","KO","000DWY-E","EQ","MEGA","2086","2420","2400"
"399005","04C27K-E","T0JCXJ-S-US","46005","2014-09-30","KO-NYS","SHARE","KO","000DWY-E","EQ","MEGA","2086","2420","2400"
"399006","04C27K-E","T0JCXJ-S-US","35007","2014-12-31","KO-NYS","SHARE","KO","000DWY-E","EQ","MEGA","2086","2420","2400"
"399007","04C27K-E","T0JCXJ-S-US","35029","2015-03-31","KO-NYS","SHARE","KO","000DWY-E","EQ","MEGA","2086","2420","2400"
"399008","04C27K-E","T0JCXJ-S-US","34984","2015-06-30","KO-NYS","SHARE","KO","000DWY-E","EQ","MEGA","2086","2420","2400"
"399009","04C27K-E","T0JCXJ-S-US","34955","2015-09-30","KO-NYS","SHARE","KO","000DWY-E","EQ","MEGA","2086","2420","2400"
"399010","04C27K-E","T8GLHL-S-US","30269","2006-12-31","AMGN-NAS","SHARE","AMGN","000C35-E","EQ","MEGA","2836","2320","2300"
"399011","04C27K-E","T8GLHL-S-US","41426","2007-03-31","AMGN-NAS","SHARE","AMGN","000C35-E","EQ","MEGA","2836","2320","2300"
"399012","04C27K-E","T8GLHL-S-US","41452","2007-06-30","AMGN-NAS","SHARE","AMGN","000C35-E","EQ","MEGA","2836","2320","2300"
"399013","04C27K-E","T8GLHL-S-US","36101","2007-09-30","AMGN-NAS","SHARE","AMGN","000C35-E","EQ","MEGA","2836","2320","2300"
"399014","04C27K-E","T8GLHL-S-US","35764","2007-12-31","AMGN-NAS","SHARE","AMGN","000C35-E","EQ","MEGA","2836","2320","2300"
"399015","04C27K-E","T8GLHL-S-US","36068","2008-03-31","AMGN-NAS","SHARE","AMGN","000C35-E","EQ","MEGA","2836","2320","2300"
"399016","04C27K-E","T8GLHL-S-US","35981","2008-06-30","AMGN-NAS","SHARE","AMGN","000C35-E","EQ","MEGA","2836","2320","2300"
"399017","04C27K-E","T8GLHL-S-US","19647","2008-09-30","AMGN-NAS","SHARE","AMGN","000C35-E","EQ","MEGA","2836","2320","2300"
"399018","04C27K-E","T8GLHL-S-US","19976","2008-12-31","AMGN-NAS","SHARE","AMGN","000C35-E","EQ","MEGA","2836","2320","2300"
"399019","04C27K-E","T8GLHL-S-US","19953","2009-03-31","AMGN-NAS","SHARE","AMGN","000C35-E","EQ","MEGA","2836","2320","2300"
"399020","04C27K-E","T8GLHL-S-US","19848","2009-06-30","AMGN-NAS","SHARE","AMGN","000C35-E","EQ","MEGA","2836","2320","2300"
"399021","04C27K-E","T8GLHL-S-US","19964","2009-09-30","AMGN-NAS","SHARE","AMGN","000C35-E","EQ","MEGA","2836","2320","2300"
"399022","04C27K-E","T8GLHL-S-US","19919","2009-12-31","AMGN-NAS","SHARE","AMGN","000C35-E","EQ","MEGA","2836","2320","2300"
"399023","04C27K-E","T8GLHL-S-US","20077","2010-03-31","AMGN-NAS","SHARE","AMGN","000C35-E","EQ","MEGA","2836","2320","2300"
"399024","04C27K-E","T8GLHL-S-US","19964","2010-06-30","AMGN-NAS","SHARE","AMGN","000C35-E","EQ","MEGA","2836","2320","2300"
"399025","04C27K-E","T8GLHL-S-US","20006","2010-09-30","AMGN-NAS","SHARE","AMGN","000C35-E","EQ","MEGA","2836","2320","2300"
"399026","04C27K-E","T8GLHL-S-US","25100","2010-12-31","AMGN-NAS","SHARE","AMGN","000C35-E","EQ","MEGA","2836","2320","2300"
"399027","04C27K-E","T8GLHL-S-US","24972","2011-03-31","AMGN-NAS","SHARE","AMGN","000C35-E","EQ","MEGA","2836","2320","2300"
"399028","04C27K-E","T8GLHL-S-US","28590","2011-06-30","AMGN-NAS","SHARE","AMGN","000C35-E","EQ","MEGA","2836","2320","2300"
"399029","04C27K-E","T8GLHL-S-US","28559","2011-09-30","AMGN-NAS","SHARE","AMGN","000C35-E","EQ","MEGA","2836","2320","2300"
"399030","04C27K-E","T8GLHL-S-US","3486","2011-12-31","AMGN-NAS","SHARE","AMGN","000C35-E","EQ","MEGA","2836","2320","2300"
"399031","04C27K-E","T8GLHL-S-US","3474","2012-03-31","AMGN-NAS","SHARE","AMGN","000C35-E","EQ","MEGA","2836","2320","2300"
"399032","04C27K-E","T8GLHL-S-US","3493","2012-06-30","AMGN-NAS","SHARE","AMGN","000C35-E","EQ","MEGA","2836","2320","2300"
"399033","04C27K-E","VFT77X-S-US","15028","2012-06-30","APA-NYS","SHARE","APA","000C6X-E","EQ","LARGE","1311","2105","2100"
"399034","04C27K-E","VFT77X-S-US","15006","2012-09-30","APA-NYS","SHARE","APA","000C6X-E","EQ","LARGE","1311","2105","2100"
"399035","04C27K-E","VFT77X-S-US","22240","2012-12-31","APA-NYS","SHARE","APA","000C6X-E","EQ","LARGE","1311","2105","2100"
"399036","04C27K-E","VFT77X-S-US","25025","2014-03-31","APA-NYS","SHARE","APA","000C6X-E","EQ","LARGE","1311","2105","2100"
"399037","04C27K-E","VFT77X-S-US","20999","2014-06-30","APA-NYS","SHARE","APA","000C6X-E","EQ","LARGE","1311","2105","2100"
"399038","04C27K-E","VFT77X-S-US","21002","2014-09-30","APA-NYS","SHARE","APA","000C6X-E","EQ","LARGE","1311","2105","2100"
"399039","04C27K-E","VFT77X-S-US","35507","2014-12-31","APA-NYS","SHARE","APA","000C6X-E","EQ","LARGE","1311","2105","2100"
"399040","04C27K-E","VFT77X-S-US","35530","2015-03-31","APA-NYS","SHARE","APA","000C6X-E","EQ","LARGE","1311","2105","2100"
"399041","04C27K-E","VFT77X-S-US","35484","2015-06-30","APA-NYS","SHARE","APA","000C6X-E","EQ","LARGE","1311","2105","2100"
"399042","04C27K-E","VFT77X-S-US","35454","2015-09-30","APA-NYS","SHARE","APA","000C6X-E","EQ","LARGE","1311","2105","2100"
"399043","04C27K-E","VFT77X-S-US","35503","2015-12-31","APA-NYS","SHARE","APA","000C6X-E","EQ","LARGE","1311","2105","2100"
"399044","04C27K-E","VFT77X-S-US","35548","2016-03-31","APA-NYS","SHARE","APA","000C6X-E","EQ","LARGE","1311","2105","2100"
"399045","04C27K-E","VFT77X-S-US","35511","2016-06-30","APA-NYS","SHARE","APA","000C6X-E","EQ","LARGE","1311","2105","2100"
"399046","04C27K-E","WGR10T-S-US","54011","2014-12-31","PWR-NYS","SHARE","PWR","001WC9-E","EQ","MID","1731","3115","3100"
"399047","04C27K-E","WGR10T-S-US","54045","2015-03-31","PWR-NYS","SHARE","PWR","001WC9-E","EQ","MID","1731","3115","3100"
"399048","04C27K-E","WGR10T-S-US","53976","2015-06-30","PWR-NYS","SHARE","PWR","001WC9-E","EQ","MID","1731","3115","3100"
"399049","04C27K-E","WGR10T-S-US","74903","2015-09-30","PWR-NYS","SHARE","PWR","001WC9-E","EQ","MID","1731","3115","3100"
"399050","04C27K-E","WGR10T-S-US","75007","2015-12-31","PWR-NYS","SHARE","PWR","001WC9-E","EQ","MID","1731","3115","3100"
"399051","04C27K-E","WGR10T-S-US","75102","2016-03-31","PWR-NYS","SHARE","PWR","001WC9-E","EQ","MID","1731","3115","3100"
"399052","04C27K-E","WGR10T-S-US","75024","2016-06-30","PWR-NYS","SHARE","PWR","001WC9-E","EQ","MID","1731","3115","3100"
"399053","04C27K-E","WQPBSZ-S-US","72106","2006-12-31","NE-NYS","SHARE","NE","003RMK-E","EQ","SMALL","1381","3105","3100"
"399054","04C27K-E","WQPBSZ-S-US","71972","2007-03-31","NE-NYS","SHARE","NE","003RMK-E","EQ","SMALL","1381","3105","3100"
"399055","04C27K-E","WQPBSZ-S-US","67998","2007-06-30","NE-NYS","SHARE","NE","003RMK-E","EQ","SMALL","1381","3105","3100"
"399056","04C27K-E","WQPBSZ-S-US","68194","2007-09-30","NE-NYS","SHARE","NE","003RMK-E","EQ","SMALL","1381","3105","3100"
"399057","04C27K-E","WQPBSZ-S-US","59610","2007-12-31","NE-NYS","SHARE","NE","003RMK-E","EQ","SMALL","1381","3105","3100"
"399058","04C27K-E","WQPBSZ-S-US","46098","2008-03-31","NE-NYS","SHARE","NE","003RMK-E","EQ","SMALL","1381","3105","3100"
"399059","04C27K-E","WQPBSZ-S-US","39971","2008-06-30","NE-NYS","SHARE","NE","003RMK-E","EQ","SMALL","1381","3105","3100"
"399060","04C27K-E","WQPBSZ-S-US","39292","2008-09-30","NE-NYS","SHARE","NE","003RMK-E","EQ","SMALL","1381","3105","3100"
"399061","04C27K-E","WQPBSZ-S-US","48942","2008-12-31","NE-NYS","SHARE","NE","003RMK-E","EQ","SMALL","1381","3105","3100"
"399062","04C27K-E","WQPBSZ-S-US","48886","2009-03-31","NE-NYS","SHARE","NE","003RMK-E","EQ","SMALL","1381","3105","3100"
"399063","04C27K-E","WQPBSZ-S-US","48627","2009-06-30","NE-NYS","SHARE","NE","003RMK-E","EQ","SMALL","1381","3105","3100"
"399064","04C27K-E","WQPBSZ-S-US","48913","2009-09-30","NE-NYS","SHARE","NE","003RMK-E","EQ","SMALL","1381","3105","3100"
"399065","04C27K-E","WQPBSZ-S-US","42825","2009-12-31","NE-NYS","SHARE","NE","003RMK-E","EQ","SMALL","1381","3105","3100"
"399066","04C27K-E","WQPBSZ-S-US","43166","2010-03-31","NE-NYS","SHARE","NE","003RMK-E","EQ","SMALL","1381","3105","3100"
"399067","04C27K-E","WQPBSZ-S-US","42923","2010-06-30","NE-NYS","SHARE","NE","003RMK-E","EQ","SMALL","1381","3105","3100"
"399068","04C27K-E","WQPBSZ-S-US","43013","2010-09-30","NE-NYS","SHARE","NE","003RMK-E","EQ","SMALL","1381","3105","3100"
"399069","04C27K-E","WQPBSZ-S-US","43172","2010-12-31","NE-NYS","SHARE","NE","003RMK-E","EQ","SMALL","1381","3105","3100"
"399070","04C27K-E","WQPBSZ-S-US","34961","2011-03-31","NE-NYS","SHARE","NE","003RMK-E","EQ","SMALL","1381","3105","3100"
"399071","04C27K-E","WQPBSZ-S-US","40126","2011-06-30","NE-NYS","SHARE","NE","003RMK-E","EQ","SMALL","1381","3105","3100"
"399072","04C27K-E","WQPBSZ-S-US","46103","2011-09-30","NE-NYS","SHARE","NE","003RMK-E","EQ","SMALL","1381","3105","3100"
"399073","04C27K-E","WQPBSZ-S-US","46073","2011-12-31","NE-NYS","SHARE","NE","003RMK-E","EQ","SMALL","1381","3105","3100"
"399074","04C27K-E","WQPBSZ-S-US","39922","2012-03-31","NE-NYS","SHARE","NE","003RMK-E","EQ","SMALL","1381","3105","3100"
"399075","04C27K-E","WQPBSZ-S-US","40074","2012-06-30","NE-NYS","SHARE","NE","003RMK-E","EQ","SMALL","1381","3105","3100"
"399076","04C27K-E","WQPBSZ-S-US","40016","2012-09-30","NE-NYS","SHARE","NE","003RMK-E","EQ","SMALL","1381","3105","3100"
"399077","04C27K-E","WQPBSZ-S-US","45073","2012-12-31","NE-NYS","SHARE","NE","003RMK-E","EQ","SMALL","1381","3105","3100"
"399078","04C27K-E","WQPBSZ-S-US","68567","2014-03-31","NE-NYS","SHARE","NE","003RMK-E","EQ","SMALL","1381","3105","3100"
"399079","04C27K-E","WQPBSZ-S-US","68497","2014-06-30","NE-NYS","SHARE","NE","003RMK-E","EQ","SMALL","1381","3105","3100"
"399080","04C27K-E","WQPBSZ-S-US","68508","2014-09-30","NE-NYS","SHARE","NE","003RMK-E","EQ","SMALL","1381","3105","3100"
"399081","04C27K-E","WQPBSZ-S-US","68514","2014-12-31","NE-NYS","SHARE","NE","003RMK-E","EQ","SMALL","1381","3105","3100"
"399082","04C27K-E","WQPBSZ-S-US","68557","2015-03-31","NE-NYS","SHARE","NE","003RMK-E","EQ","SMALL","1381","3105","3100"
"399083","04C27K-E","WQPBSZ-S-US","68469","2015-06-30","NE-NYS","SHARE","NE","003RMK-E","EQ","SMALL","1381","3105","3100"
"399084","04C27K-E","WQPBSZ-S-US","68411","2015-09-30","NE-NYS","SHARE","NE","003RMK-E","EQ","SMALL","1381","3105","3100"
"399085","04C27K-E","WQPBSZ-S-US","68506","2015-12-31","NE-NYS","SHARE","NE","003RMK-E","EQ","SMALL","1381","3105","3100"
